,accepted_price,segment_demand,segment_hour,year
0,40.04118806244714,17568.0,8752.5,2018
1,45.20090822120161,21964.0,8291.83,2018
2,50.354533941766,23127.0,7831.17,2018
3,50.96101344300523,24327.0,7370.5,2018
4,51.570533519367316,25520.0,6909.92,2018
5,51.57163786445685,26760.0,6449.25,2018
6,52.82121940451819,27888.0,5988.58,2018
7,52.933442422553846,28935.0,5527.92,2018
8,55.40540742459487,29865.0,5067.25,2018
9,56.40502486171518,30721.0,4606.58,2018
10,57.19015346087581,31567.0,4146.0,2018
11,57.19257556485701,32315.0,3685.33,2018
12,57.692071273214445,33188.0,3224.67,2018
13,58.45860757335199,34182.0,2764.0,2018
14,58.531278051032075,35505.0,2303.33,2018
15,61.670267702345264,37480.0,1842.67,2018
16,64.77043549006677,39585.0,1382.08,2018
17,70.27773580339415,42206.0,921.42,2018
18,71.39973376044018,45209.0,460.75,2018
19,87.87148273187184,52152.0,0.08,2018
0,43.79695438250428,17568.0,8752.5,2018
1,52.71073122230072,21964.0,8291.83,2018
2,52.71073122230072,23127.0,7831.17,2018
3,53.60255044074167,24327.0,7370.5,2018
4,54.54397470936775,25520.0,6909.92,2018
5,56.73154576250739,26760.0,6449.25,2018
6,56.73154576250739,27888.0,5988.58,2018
7,57.22041322003125,28935.0,5527.92,2018
8,57.22850783808571,29865.0,5067.25,2018
9,57.67573410011194,30721.0,4606.58,2018
10,57.68651435645869,31567.0,4146.0,2018
11,58.492391163650915,32315.0,3685.33,2018
12,58.55878742103874,33188.0,3224.67,2018
13,58.79018439022252,34182.0,2764.0,2018
14,61.16283130346501,35505.0,2303.33,2018
15,64.03222382586073,37480.0,1842.67,2018
16,65.58306200060849,39585.0,1382.08,2018
17,68.24582360113418,42206.0,921.42,2018
18,71.88073078351528,45209.0,460.75,2018
19,87.00853479509597,52152.0,0.08,2018
0,40.672133612252786,17568.0,8752.5,2018
1,49.40420609796419,21964.0,8291.83,2018
2,49.40420609796419,23127.0,7831.17,2018
3,51.02599649144417,24327.0,7370.5,2018
4,51.2997969845681,25520.0,6909.92,2018
5,54.13735165042311,26760.0,6449.25,2018
6,54.26825245598551,27888.0,5988.58,2018
7,55.33578289090193,28935.0,5527.92,2018
8,56.0186302061178,29865.0,5067.25,2018
9,57.446879903821426,30721.0,4606.58,2018
10,57.446879903821426,31567.0,4146.0,2018
11,57.46575662344022,32315.0,3685.33,2018
12,57.46575662344022,33188.0,3224.67,2018
13,58.02237367705369,34182.0,2764.0,2018
14,58.22015213822415,35505.0,2303.33,2018
15,58.86766117045076,37480.0,1842.67,2018
16,60.04541618058976,39585.0,1382.08,2018
17,62.22626783938571,42206.0,921.42,2018
18,65.88749332943243,45209.0,460.75,2018
19,87.01140760222688,52152.0,0.08,2018
0,40.672133612252786,17568.0,8752.5,2018
1,49.40420609796419,21964.0,8291.83,2018
2,49.40420609796419,23127.0,7831.17,2018
3,51.02599649144417,24327.0,7370.5,2018
4,51.2997969845681,25520.0,6909.92,2018
5,54.13735165042311,26760.0,6449.25,2018
6,54.26825245598551,27888.0,5988.58,2018
7,55.33578289090193,28935.0,5527.92,2018
8,56.0186302061178,29865.0,5067.25,2018
9,57.446879903821426,30721.0,4606.58,2018
10,57.446879903821426,31567.0,4146.0,2018
11,57.46575662344022,32315.0,3685.33,2018
12,57.46575662344022,33188.0,3224.67,2018
13,58.02237367705369,34182.0,2764.0,2018
14,58.22015213822415,35505.0,2303.33,2018
15,58.86766117045076,37480.0,1842.67,2018
16,60.04541618058976,39585.0,1382.08,2018
17,62.22626783938571,42206.0,921.42,2018
18,65.88749332943243,45209.0,460.75,2018
19,87.01140760222688,52152.0,0.08,2018
0,40.672133612252786,17568.0,8752.5,2018
1,49.40420609796419,21964.0,8291.83,2018
2,49.40420609796419,23127.0,7831.17,2018
3,51.02599649144417,24327.0,7370.5,2018
4,51.2997969845681,25520.0,6909.92,2018
5,54.13735165042311,26760.0,6449.25,2018
6,54.26825245598551,27888.0,5988.58,2018
7,55.33578289090193,28935.0,5527.92,2018
8,56.0186302061178,29865.0,5067.25,2018
9,57.446879903821426,30721.0,4606.58,2018
10,57.446879903821426,31567.0,4146.0,2018
11,57.46575662344022,32315.0,3685.33,2018
12,57.46575662344022,33188.0,3224.67,2018
13,58.02237367705369,34182.0,2764.0,2018
14,58.22015213822415,35505.0,2303.33,2018
15,58.86766117045076,37480.0,1842.67,2018
16,60.04541618058976,39585.0,1382.08,2018
17,62.22626783938571,42206.0,921.42,2018
18,65.88749332943243,45209.0,460.75,2018
19,87.01140760222688,52152.0,0.08,2018
0,42.84478112877489,17568.0,8752.5,2018
1,51.65988178738426,21964.0,8291.83,2018
2,52.349469974685015,23127.0,7831.17,2018
3,53.30825593459104,24327.0,7370.5,2018
4,53.74932293100906,25520.0,6909.92,2018
5,54.66611885585631,26760.0,6449.25,2018
6,54.988915180159495,27888.0,5988.58,2018
7,55.69549907538272,28935.0,5527.92,2018
8,55.69549907538272,29865.0,5067.25,2018
9,55.97874951959199,30721.0,4606.58,2018
10,56.731453627980535,31567.0,4146.0,2018
11,56.74537911292983,32315.0,3685.33,2018
12,56.84376531790517,33188.0,3224.67,2018
13,58.050962728601675,34182.0,2764.0,2018
14,58.05127759212296,35505.0,2303.33,2018
15,58.95828023054748,37480.0,1842.67,2018
16,60.3720570408769,39585.0,1382.08,2018
17,64.34281723622351,42206.0,921.42,2018
18,68.4228339204545,45209.0,460.75,2018
19,87.03943614594967,52152.0,0.08,2018
0,39.17467734018439,17568.0,8752.5,2018
1,47.64955570013022,21964.0,8291.83,2018
2,50.925088305460406,23127.0,7831.17,2018
3,51.14302737314801,24327.0,7370.5,2018
4,52.519435177790406,25520.0,6909.92,2018
5,53.07979026102995,26760.0,6449.25,2018
6,53.30181137818203,27888.0,5988.58,2018
7,53.617733139290976,28935.0,5527.92,2018
8,53.92973159163155,29865.0,5067.25,2018
9,54.01114825084564,30721.0,4606.58,2018
10,54.97930184293391,31567.0,4146.0,2018
11,55.023253014496774,32315.0,3685.33,2018
12,55.64662350676958,33188.0,3224.67,2018
13,56.031112223572656,34182.0,2764.0,2018
14,58.629630397171475,35505.0,2303.33,2018
15,60.042865026181445,37480.0,1842.67,2018
16,60.5288910737381,39585.0,1382.08,2018
17,63.81027345009083,42206.0,921.42,2018
18,68.38241837028444,45209.0,460.75,2018
19,86.97046088108013,52152.0,0.08,2018
0,40.03428747022588,17568.0,8752.5,2018
1,47.48299001043769,21964.0,8291.83,2018
2,49.21301503468952,23127.0,7831.17,2018
3,53.808039120180474,24327.0,7370.5,2018
4,53.808039120180474,25520.0,6909.92,2018
5,54.7752366764078,26760.0,6449.25,2018
6,55.43618792212803,27888.0,5988.58,2018
7,55.566140659989415,28935.0,5527.92,2018
8,56.397555601283514,29865.0,5067.25,2018
9,56.65893707075528,30721.0,4606.58,2018
10,56.79660633770805,31567.0,4146.0,2018
11,57.797739831475916,32315.0,3685.33,2018
12,59.31672564354037,33188.0,3224.67,2018
13,59.416379285854994,34182.0,2764.0,2018
14,60.15751573819002,35505.0,2303.33,2018
15,61.185031598695154,37480.0,1842.67,2018
16,63.35209512973549,39585.0,1382.08,2018
17,66.33802619421348,42206.0,921.42,2018
18,72.46211746157672,45209.0,460.75,2018
19,86.94556697308974,52152.0,0.08,2018
0,41.14441783730494,17568.0,8752.5,2018
1,44.95577132660984,21964.0,8291.83,2018
2,45.42298959070134,23127.0,7831.17,2018
3,48.79346910566829,24327.0,7370.5,2018
4,50.13738901099006,25520.0,6909.92,2018
5,51.21064478517076,26760.0,6449.25,2018
6,52.03486772727631,27888.0,5988.58,2018
7,52.03486772727631,28935.0,5527.92,2018
8,53.45479804213654,29865.0,5067.25,2018
9,53.59659717108226,30721.0,4606.58,2018
10,55.71187379352631,31567.0,4146.0,2018
11,55.71187379352631,32315.0,3685.33,2018
12,57.451469518106755,33188.0,3224.67,2018
13,57.61985250694537,34182.0,2764.0,2018
14,58.00202791992596,35505.0,2303.33,2018
15,58.943374446382926,37480.0,1842.67,2018
16,62.12667316473179,39585.0,1382.08,2018
17,65.58860027424757,42206.0,921.42,2018
18,66.90857117212285,45209.0,460.75,2018
19,87.02623464202827,52152.0,0.08,2018
0,27.244301796064093,17568.0,8752.5,2018
1,45.58176084346767,21964.0,8291.83,2018
2,46.584087398753326,23127.0,7831.17,2018
3,48.5005681519464,24327.0,7370.5,2018
4,50.27903624639489,25520.0,6909.92,2018
5,50.93083478438867,26760.0,6449.25,2018
6,53.51343642599054,27888.0,5988.58,2018
7,54.17870160314744,28935.0,5527.92,2018
8,55.02658680959508,29865.0,5067.25,2018
9,55.07596834251371,30721.0,4606.58,2018
10,56.414689770863696,31567.0,4146.0,2018
11,57.07809891713958,32315.0,3685.33,2018
12,57.93354863588922,33188.0,3224.67,2018
13,58.230934372964164,34182.0,2764.0,2018
14,59.92173263261623,35505.0,2303.33,2018
15,62.432926852224114,37480.0,1842.67,2018
16,64.05146426916265,39585.0,1382.08,2018
17,67.0813265948293,42206.0,921.42,2018
18,70.73336054376915,45209.0,460.75,2018
19,87.6151070687824,52152.0,0.08,2018
0,42.62822545640985,17568.0,8752.5,2018
1,51.69815956403077,21964.0,8291.83,2018
2,54.18342143337728,23127.0,7831.17,2018
3,54.77525487665773,24327.0,7370.5,2018
4,55.144720189249405,25520.0,6909.92,2018
5,55.61426379232355,26760.0,6449.25,2018
6,56.516870302230544,27888.0,5988.58,2018
7,57.57662540925096,28935.0,5527.92,2018
8,57.75237657390753,29865.0,5067.25,2018
9,58.33954436541425,30721.0,4606.58,2018
10,58.34107385033087,31567.0,4146.0,2018
11,58.34107385033087,32315.0,3685.33,2018
12,58.953979835465084,33188.0,3224.67,2018
13,59.08991106883989,34182.0,2764.0,2018
14,59.32379859263084,35505.0,2303.33,2018
15,60.37482552913304,37480.0,1842.67,2018
16,64.54492969081936,39585.0,1382.08,2018
17,68.78609830759831,42206.0,921.42,2018
18,74.77032087108485,45209.0,460.75,2018
19,87.02735746905441,52152.0,0.08,2018
0,44.11512223994718,17568.0,8752.5,2018
1,51.10018939598177,21964.0,8291.83,2018
2,51.18188549239036,23127.0,7831.17,2018
3,51.18188549239036,24327.0,7370.5,2018
4,52.44405727337504,25520.0,6909.92,2018
5,52.80685211339947,26760.0,6449.25,2018
6,52.841972617607986,27888.0,5988.58,2018
7,53.7504440618626,28935.0,5527.92,2018
8,54.336798758896826,29865.0,5067.25,2018
9,54.66058804430746,30721.0,4606.58,2018
10,54.66058804430746,31567.0,4146.0,2018
11,54.71441459678919,32315.0,3685.33,2018
12,55.85339706004228,33188.0,3224.67,2018
13,56.524638788472885,34182.0,2764.0,2018
14,58.90987110848975,35505.0,2303.33,2018
15,58.991437995975154,37480.0,1842.67,2018
16,60.8601976496646,39585.0,1382.08,2018
17,63.68071086510647,42206.0,921.42,2018
18,71.42164586691153,45209.0,460.75,2018
19,87.01109718576937,52152.0,0.08,2018
0,39.12412256881424,17568.0,8752.5,2018
1,48.35904445926221,21964.0,8291.83,2018
2,50.92299377165474,23127.0,7831.17,2018
3,51.712129197448036,24327.0,7370.5,2018
4,53.49361885251209,25520.0,6909.92,2018
5,54.307729985631994,26760.0,6449.25,2018
6,55.333455621461304,27888.0,5988.58,2018
7,56.02663968096997,28935.0,5527.92,2018
8,56.23243105894498,29865.0,5067.25,2018
9,56.92421933653429,30721.0,4606.58,2018
10,56.92421933653429,31567.0,4146.0,2018
11,57.10716398218731,32315.0,3685.33,2018
12,58.588315756073015,33188.0,3224.67,2018
13,58.995421175324374,34182.0,2764.0,2018
14,59.61928578755938,35505.0,2303.33,2018
15,60.62485100881977,37480.0,1842.67,2018
16,61.195362095847415,39585.0,1382.08,2018
17,66.10414552046885,42206.0,921.42,2018
18,68.96310677329008,45209.0,460.75,2018
19,87.01168404740685,52152.0,0.08,2018
0,38.54253077937553,17568.0,8752.5,2018
1,51.32079377803808,21964.0,8291.83,2018
2,51.59369134613922,23127.0,7831.17,2018
3,53.02205019264232,24327.0,7370.5,2018
4,54.24102852371888,25520.0,6909.92,2018
5,54.315749772830536,26760.0,6449.25,2018
6,55.358090443427734,27888.0,5988.58,2018
7,55.73378392192286,28935.0,5527.92,2018
8,55.81684403891899,29865.0,5067.25,2018
9,56.36560788097122,30721.0,4606.58,2018
10,56.947717872556,31567.0,4146.0,2018
11,57.48018616030504,32315.0,3685.33,2018
12,57.48018616030504,33188.0,3224.67,2018
13,57.724967848134845,34182.0,2764.0,2018
14,58.57192503481389,35505.0,2303.33,2018
15,59.13060632482404,37480.0,1842.67,2018
16,60.40793735378289,39585.0,1382.08,2018
17,61.747908018456336,42206.0,921.42,2018
18,69.72360418254802,45209.0,460.75,2018
19,87.03650085174226,52152.0,0.08,2018
0,40.68705183127499,17568.0,8752.5,2018
1,49.020796260935334,21964.0,8291.83,2018
2,49.946282689119585,23127.0,7831.17,2018
3,51.07565863430782,24327.0,7370.5,2018
4,51.76553844055427,25520.0,6909.92,2018
5,53.15429856909473,26760.0,6449.25,2018
6,53.908350575332406,27888.0,5988.58,2018
7,55.054510120421966,28935.0,5527.92,2018
8,57.849787778705114,29865.0,5067.25,2018
9,58.061767602805965,30721.0,4606.58,2018
10,58.33243059906326,31567.0,4146.0,2018
11,58.47198192265981,32315.0,3685.33,2018
12,58.87822887801719,33188.0,3224.67,2018
13,59.27657332306525,34182.0,2764.0,2018
14,59.328690095214434,35505.0,2303.33,2018
15,61.116551123161976,37480.0,1842.67,2018
16,62.500760159839444,39585.0,1382.08,2018
17,68.22764391235977,42206.0,921.42,2018
18,71.73386708329852,45209.0,460.75,2018
19,98.02192549309797,52152.0,0.08,2018
0,35.46476852692005,17568.0,8752.5,2018
1,49.31961713874116,21964.0,8291.83,2018
2,49.35390642108612,23127.0,7831.17,2018
3,49.619880613527386,24327.0,7370.5,2018
4,50.53351242479215,25520.0,6909.92,2018
5,51.68421641178364,26760.0,6449.25,2018
6,51.725399401935455,27888.0,5988.58,2018
7,52.827078605848946,28935.0,5527.92,2018
8,52.94549593962332,29865.0,5067.25,2018
9,53.26041803749217,30721.0,4606.58,2018
10,54.51704392866048,31567.0,4146.0,2018
11,55.10949182207953,32315.0,3685.33,2018
12,57.22144818872733,33188.0,3224.67,2018
13,57.5915577173251,34182.0,2764.0,2018
14,58.85496242115201,35505.0,2303.33,2018
15,61.37787410559525,37480.0,1842.67,2018
16,64.49074404011917,39585.0,1382.08,2018
17,68.56395127240545,42206.0,921.42,2018
18,71.0250248528522,45209.0,460.75,2018
19,87.0530363921552,52152.0,0.08,2018
0,40.10930831780765,17568.0,8752.5,2018
1,48.58066870330788,21964.0,8291.83,2018
2,49.481317804750795,23127.0,7831.17,2018
3,51.218007826182216,24327.0,7370.5,2018
4,52.263753251799635,25520.0,6909.92,2018
5,52.58140618586613,26760.0,6449.25,2018
6,52.70974849171986,27888.0,5988.58,2018
7,53.88720411488814,28935.0,5527.92,2018
8,54.75231934497874,29865.0,5067.25,2018
9,55.43998111445619,30721.0,4606.58,2018
10,56.52269397413504,31567.0,4146.0,2018
11,56.53859415793903,32315.0,3685.33,2018
12,56.6099487172473,33188.0,3224.67,2018
13,58.84641813464879,34182.0,2764.0,2018
14,60.28599210221514,35505.0,2303.33,2018
15,61.516287797998814,37480.0,1842.67,2018
16,62.88909903374838,39585.0,1382.08,2018
17,68.09727997343158,42206.0,921.42,2018
18,71.35253425620036,45209.0,460.75,2018
19,86.99881387126666,52152.0,0.08,2018
0,41.942144771587344,17568.0,8752.5,2018
1,46.63791171877322,21964.0,8291.83,2018
2,49.000124567773916,23127.0,7831.17,2018
3,49.17348737590094,24327.0,7370.5,2018
4,49.55789905085809,25520.0,6909.92,2018
5,51.195547077220596,26760.0,6449.25,2018
6,53.336313327224225,27888.0,5988.58,2018
7,54.426589378692505,28935.0,5527.92,2018
8,54.73510315155399,29865.0,5067.25,2018
9,55.16697477687045,30721.0,4606.58,2018
10,55.16697477687045,31567.0,4146.0,2018
11,55.30101595571174,32315.0,3685.33,2018
12,56.839139273835464,33188.0,3224.67,2018
13,57.57715055184047,34182.0,2764.0,2018
14,58.035461975352185,35505.0,2303.33,2018
15,59.04119968408185,37480.0,1842.67,2018
16,64.78215610368308,39585.0,1382.08,2018
17,67.33967689199942,42206.0,921.42,2018
18,75.10022709850944,45209.0,460.75,2018
19,93.56451004237698,52152.0,0.08,2018
0,41.61022453333764,17568.0,8752.5,2018
1,45.6915550671633,21964.0,8291.83,2018
2,48.4914070788424,23127.0,7831.17,2018
3,50.712837192037846,24327.0,7370.5,2018
4,51.02765300164546,25520.0,6909.92,2018
5,51.58706010776912,26760.0,6449.25,2018
6,52.46731303397676,27888.0,5988.58,2018
7,53.46714549021147,28935.0,5527.92,2018
8,56.67558863365024,29865.0,5067.25,2018
9,56.79753152284136,30721.0,4606.58,2018
10,57.266763690735075,31567.0,4146.0,2018
11,57.266763690735075,32315.0,3685.33,2018
12,57.3253833337268,33188.0,3224.67,2018
13,57.45267927828163,34182.0,2764.0,2018
14,57.95286476631138,35505.0,2303.33,2018
15,59.13921715787245,37480.0,1842.67,2018
16,60.71108362345477,39585.0,1382.08,2018
17,64.17610993762975,42206.0,921.42,2018
18,69.78559222609617,45209.0,460.75,2018
19,86.98701642336898,52152.0,0.08,2018
0,41.75575369112742,17568.0,8752.5,2018
1,46.924990059981745,21964.0,8291.83,2018
2,51.90672791477667,23127.0,7831.17,2018
3,52.54640444802714,24327.0,7370.5,2018
4,53.294624476909036,25520.0,6909.92,2018
5,54.58306697974662,26760.0,6449.25,2018
6,54.58306697974662,27888.0,5988.58,2018
7,55.0934588700672,28935.0,5527.92,2018
8,55.89461770506997,29865.0,5067.25,2018
9,56.02557961551885,30721.0,4606.58,2018
10,56.02557961551885,31567.0,4146.0,2018
11,57.03759360561828,32315.0,3685.33,2018
12,57.06451775154246,33188.0,3224.67,2018
13,58.190700029514595,34182.0,2764.0,2018
14,59.58933622073494,35505.0,2303.33,2018
15,61.167183452150816,37480.0,1842.67,2018
16,64.5186101643021,39585.0,1382.08,2018
17,67.3379952654839,42206.0,921.42,2018
18,70.97824212543532,45209.0,460.75,2018
19,86.9363399211611,52152.0,0.08,2018
0,45.06682053342541,17568.0,8752.5,2018
1,47.41925904884649,21964.0,8291.83,2018
2,48.68232241116371,23127.0,7831.17,2018
3,48.68232241116371,24327.0,7370.5,2018
4,49.152619554011814,25520.0,6909.92,2018
5,50.535340992279984,26760.0,6449.25,2018
6,54.706606678467715,27888.0,5988.58,2018
7,56.49873324464682,28935.0,5527.92,2018
8,56.77920092522991,29865.0,5067.25,2018
9,56.830161713204966,30721.0,4606.58,2018
10,57.83120294140953,31567.0,4146.0,2018
11,57.963417920405085,32315.0,3685.33,2018
12,58.29632085503842,33188.0,3224.67,2018
13,58.549414097680106,34182.0,2764.0,2018
14,59.109187485109935,35505.0,2303.33,2018
15,60.72976945613069,37480.0,1842.67,2018
16,66.65735687561939,39585.0,1382.08,2018
17,70.20184701716386,42206.0,921.42,2018
18,71.42293150744469,45209.0,460.75,2018
19,93.05791833694788,52152.0,0.08,2018
0,40.9198633783699,17568.0,8752.5,2018
1,46.02563667895664,21964.0,8291.83,2018
2,46.272629671577334,23127.0,7831.17,2018
3,48.765554923147555,24327.0,7370.5,2018
4,49.759780802032694,25520.0,6909.92,2018
5,51.27215619169596,26760.0,6449.25,2018
6,51.88696713285247,27888.0,5988.58,2018
7,52.321692622378215,28935.0,5527.92,2018
8,53.49847161949765,29865.0,5067.25,2018
9,54.35001744467726,30721.0,4606.58,2018
10,54.35001744467726,31567.0,4146.0,2018
11,56.05008526895708,32315.0,3685.33,2018
12,56.07988785198811,33188.0,3224.67,2018
13,56.312235509760065,34182.0,2764.0,2018
14,56.404691827402495,35505.0,2303.33,2018
15,58.988818668796334,37480.0,1842.67,2018
16,61.082371007053496,39585.0,1382.08,2018
17,64.69285541558004,42206.0,921.42,2018
18,69.85219773054791,45209.0,460.75,2018
19,88.25249350854554,52152.0,0.08,2018
0,43.381906933490356,17568.0,8752.5,2018
1,46.514457175665925,21964.0,8291.83,2018
2,46.893961519267926,23127.0,7831.17,2018
3,49.50608374925191,24327.0,7370.5,2018
4,52.27696021328475,25520.0,6909.92,2018
5,52.9519107347675,26760.0,6449.25,2018
6,53.448436952298906,27888.0,5988.58,2018
7,56.472476787023304,28935.0,5527.92,2018
8,57.27947145376897,29865.0,5067.25,2018
9,57.924813161111025,30721.0,4606.58,2018
10,58.143191783248334,31567.0,4146.0,2018
11,58.72620264227908,32315.0,3685.33,2018
12,58.72620264227908,33188.0,3224.67,2018
13,58.828516942087596,34182.0,2764.0,2018
14,60.04678717010147,35505.0,2303.33,2018
15,61.485289051391284,37480.0,1842.67,2018
16,62.431113404300575,39585.0,1382.08,2018
17,66.54984933494771,42206.0,921.42,2018
18,69.11874831431555,45209.0,460.75,2018
19,87.00360923057245,52152.0,0.08,2018
0,42.15638676877166,17568.0,8752.5,2018
1,48.31799120690647,21964.0,8291.83,2018
2,52.510607629317796,23127.0,7831.17,2018
3,55.09300400231369,24327.0,7370.5,2018
4,55.26524718336541,25520.0,6909.92,2018
5,55.745249665694196,26760.0,6449.25,2018
6,56.00367113111596,27888.0,5988.58,2018
7,56.00367113111596,28935.0,5527.92,2018
8,56.17982075993434,29865.0,5067.25,2018
9,56.96658137457842,30721.0,4606.58,2018
10,56.96658137457842,31567.0,4146.0,2018
11,58.05803135536412,32315.0,3685.33,2018
12,58.05803135536412,33188.0,3224.67,2018
13,58.46997957330487,34182.0,2764.0,2018
14,59.55673319060628,35505.0,2303.33,2018
15,61.48123857969043,37480.0,1842.67,2018
16,62.55516712949978,39585.0,1382.08,2018
17,66.31610341013375,42206.0,921.42,2018
18,68.35356375859877,45209.0,460.75,2018
19,87.20094888837086,52152.0,0.08,2018
0,40.679446998749896,17568.0,8752.5,2018
1,48.06637089370918,21964.0,8291.83,2018
2,48.96578640975863,23127.0,7831.17,2018
3,50.498467757919066,24327.0,7370.5,2018
4,52.02834784735558,25520.0,6909.92,2018
5,55.038962658157324,26760.0,6449.25,2018
6,55.30971959123159,27888.0,5988.58,2018
7,55.614148472827644,28935.0,5527.92,2018
8,56.08234684742857,29865.0,5067.25,2018
9,56.417768130186985,30721.0,4606.58,2018
10,56.417768130186985,31567.0,4146.0,2018
11,56.62293923498837,32315.0,3685.33,2018
12,57.215528129489776,33188.0,3224.67,2018
13,58.06606680875655,34182.0,2764.0,2018
14,58.78307160086561,35505.0,2303.33,2018
15,60.98172005204052,37480.0,1842.67,2018
16,62.844242973682114,39585.0,1382.08,2018
17,64.1590219394442,42206.0,921.42,2018
18,68.31422358813082,45209.0,460.75,2018
19,102.38506252658756,52152.0,0.08,2018
0,43.5637407329927,17568.0,8752.5,2018
1,46.57329745695338,21964.0,8291.83,2018
2,49.536138456856044,23127.0,7831.17,2018
3,50.441540013076846,24327.0,7370.5,2018
4,50.468165507587855,25520.0,6909.92,2018
5,51.95929626133914,26760.0,6449.25,2018
6,53.70395491675725,27888.0,5988.58,2018
7,53.82335984391898,28935.0,5527.92,2018
8,54.554300546589005,29865.0,5067.25,2018
9,55.551765926378806,30721.0,4606.58,2018
10,55.81641778503282,31567.0,4146.0,2018
11,55.81641778503282,32315.0,3685.33,2018
12,56.15719331346501,33188.0,3224.67,2018
13,56.60060478616689,34182.0,2764.0,2018
14,57.77566423497714,35505.0,2303.33,2018
15,58.8111531040981,37480.0,1842.67,2018
16,61.47223360761913,39585.0,1382.08,2018
17,63.7673557169293,42206.0,921.42,2018
18,68.69625537549501,45209.0,460.75,2018
19,91.13597806437585,52152.0,0.08,2018
0,39.45787683258667,17568.0,8752.5,2018
1,50.50490037245172,21964.0,8291.83,2018
2,51.33231689552649,23127.0,7831.17,2018
3,52.34639236908099,24327.0,7370.5,2018
4,53.77211634418848,25520.0,6909.92,2018
5,54.01802442612773,26760.0,6449.25,2018
6,54.414933070342904,27888.0,5988.58,2018
7,55.02942933943145,28935.0,5527.92,2018
8,55.30284727680934,29865.0,5067.25,2018
9,57.162098232508505,30721.0,4606.58,2018
10,57.17958863938522,31567.0,4146.0,2018
11,58.01672391146962,32315.0,3685.33,2018
12,58.16656499914974,33188.0,3224.67,2018
13,58.340185211143094,34182.0,2764.0,2018
14,58.66863822286463,35505.0,2303.33,2018
15,60.46187145085137,37480.0,1842.67,2018
16,64.2373812965502,39585.0,1382.08,2018
17,68.16624512068739,42206.0,921.42,2018
18,72.52200504854493,45209.0,460.75,2018
19,87.01458831961006,52152.0,0.08,2018
0,44.20878726230074,17568.0,8752.5,2018
1,49.72868625513429,21964.0,8291.83,2018
2,51.160760103169736,23127.0,7831.17,2018
3,51.725972596709404,24327.0,7370.5,2018
4,51.99225251014303,25520.0,6909.92,2018
5,51.99225251014303,26760.0,6449.25,2018
6,53.22265860167529,27888.0,5988.58,2018
7,53.73748768229131,28935.0,5527.92,2018
8,54.91797899582991,29865.0,5067.25,2018
9,55.33335778992416,30721.0,4606.58,2018
10,55.648381542020516,31567.0,4146.0,2018
11,55.827336257831774,32315.0,3685.33,2018
12,56.18820109917231,33188.0,3224.67,2018
13,56.36028725443761,34182.0,2764.0,2018
14,57.35724804061389,35505.0,2303.33,2018
15,59.77102187411395,37480.0,1842.67,2018
16,60.50552112871297,39585.0,1382.08,2018
17,61.22015588807233,42206.0,921.42,2018
18,66.65722267958323,45209.0,460.75,2018
19,297.0207173383605,52152.0,0.08,2018
0,41.63129791423413,17568.0,8752.5,2018
1,49.91831753000789,21964.0,8291.83,2018
2,50.11959767000899,23127.0,7831.17,2018
3,50.990998342934574,24327.0,7370.5,2018
4,51.97912391202272,25520.0,6909.92,2018
5,51.98423635116675,26760.0,6449.25,2018
6,56.0858405898681,27888.0,5988.58,2018
7,57.61805784476814,28935.0,5527.92,2018
8,57.9350289755706,29865.0,5067.25,2018
9,58.10538510188534,30721.0,4606.58,2018
10,58.265116384642816,31567.0,4146.0,2018
11,58.72624430065941,32315.0,3685.33,2018
12,59.51221282391534,33188.0,3224.67,2018
13,59.73422153795068,34182.0,2764.0,2018
14,62.25307214412897,35505.0,2303.33,2018
15,65.44439243472728,37480.0,1842.67,2018
16,70.26597516786649,39585.0,1382.08,2018
17,73.77998931380252,42206.0,921.42,2018
18,76.37310200117183,45209.0,460.75,2018
19,88.95056279428924,52152.0,0.08,2018
0,44.51354610996452,17568.0,8752.5,2018
1,48.53213863485525,21964.0,8291.83,2018
2,49.022361938980936,23127.0,7831.17,2018
3,49.809745755836126,24327.0,7370.5,2018
4,49.82199293067754,25520.0,6909.92,2018
5,50.1613508976731,26760.0,6449.25,2018
6,54.05464279301226,27888.0,5988.58,2018
7,54.67951354730038,28935.0,5527.92,2018
8,55.721323261635575,29865.0,5067.25,2018
9,55.721323261635575,30721.0,4606.58,2018
10,57.1300278000744,31567.0,4146.0,2018
11,57.598361658361775,32315.0,3685.33,2018
12,57.95520742249168,33188.0,3224.67,2018
13,59.122779701276926,34182.0,2764.0,2018
14,59.955356144404035,35505.0,2303.33,2018
15,60.13026928669281,37480.0,1842.67,2018
16,62.15886875613753,39585.0,1382.08,2018
17,66.8227197664696,42206.0,921.42,2018
18,71.47600785969686,45209.0,460.75,2018
19,87.0240208859276,52152.0,0.08,2018
0,40.34953804870871,17568.0,8752.5,2018
1,45.68745077252649,21964.0,8291.83,2018
2,46.900459326636394,23127.0,7831.17,2018
3,47.23195944146216,24327.0,7370.5,2018
4,48.45926834201827,25520.0,6909.92,2018
5,50.24383915002972,26760.0,6449.25,2018
6,50.33920626782291,27888.0,5988.58,2018
7,51.28496753545606,28935.0,5527.92,2018
8,51.64949786954875,29865.0,5067.25,2018
9,53.55283935927506,30721.0,4606.58,2018
10,53.633543114593614,31567.0,4146.0,2018
11,54.20474806027354,32315.0,3685.33,2018
12,54.370560227022175,33188.0,3224.67,2018
13,54.61972322430814,34182.0,2764.0,2018
14,55.57118736489559,35505.0,2303.33,2018
15,56.02898008996787,37480.0,1842.67,2018
16,59.26153479082634,39585.0,1382.08,2018
17,62.45271219838183,42206.0,921.42,2018
18,69.28359643367456,45209.0,460.75,2018
19,86.97282163174512,52152.0,0.08,2018
0,27.467777812118175,17568.0,8752.5,2018
1,44.74650012283919,21964.0,8291.83,2018
2,46.14720313405348,23127.0,7831.17,2018
3,48.06448823528613,24327.0,7370.5,2018
4,51.03656280411896,25520.0,6909.92,2018
5,52.391330103723725,26760.0,6449.25,2018
6,52.61608566455213,27888.0,5988.58,2018
7,54.599394536546036,28935.0,5527.92,2018
8,54.85085570763267,29865.0,5067.25,2018
9,55.188137885274195,30721.0,4606.58,2018
10,56.698086829033564,31567.0,4146.0,2018
11,57.29975178882548,32315.0,3685.33,2018
12,57.29975178882548,33188.0,3224.67,2018
13,58.01108586161346,34182.0,2764.0,2018
14,59.105206231465765,35505.0,2303.33,2018
15,59.238346819953804,37480.0,1842.67,2018
16,60.1852281691176,39585.0,1382.08,2018
17,66.37725890017316,42206.0,921.42,2018
18,67.67832159625942,45209.0,460.75,2018
19,87.03773823484342,52152.0,0.08,2018
0,34.72229377011719,17568.0,8752.5,2018
1,45.9269124958966,21964.0,8291.83,2018
2,46.75502556024759,23127.0,7831.17,2018
3,47.634261448964686,24327.0,7370.5,2018
4,50.401903011826015,25520.0,6909.92,2018
5,53.3998283630113,26760.0,6449.25,2018
6,53.69890948361539,27888.0,5988.58,2018
7,54.694921999137584,28935.0,5527.92,2018
8,55.96264138711236,29865.0,5067.25,2018
9,56.09350131597661,30721.0,4606.58,2018
10,56.09350131597661,31567.0,4146.0,2018
11,56.735677864538935,32315.0,3685.33,2018
12,56.811713710602056,33188.0,3224.67,2018
13,56.90584839470406,34182.0,2764.0,2018
14,57.84415577651995,35505.0,2303.33,2018
15,58.739255623402464,37480.0,1842.67,2018
16,62.24522135346691,39585.0,1382.08,2018
17,64.32625791190694,42206.0,921.42,2018
18,66.66576711130645,45209.0,460.75,2018
19,87.65805626296438,52152.0,0.08,2018
0,40.00832145452941,17568.0,8752.5,2018
1,47.46549597171063,21964.0,8291.83,2018
2,48.77246068955228,23127.0,7831.17,2018
3,50.68659631470347,24327.0,7370.5,2018
4,52.23437652232864,25520.0,6909.92,2018
5,54.608528555365346,26760.0,6449.25,2018
6,54.895441927412065,27888.0,5988.58,2018
7,55.3548764042986,28935.0,5527.92,2018
8,56.3521146071164,29865.0,5067.25,2018
9,56.46924187185934,30721.0,4606.58,2018
10,57.6642521537131,31567.0,4146.0,2018
11,59.109890335371865,32315.0,3685.33,2018
12,60.521059692409864,33188.0,3224.67,2018
13,61.153572562419534,34182.0,2764.0,2018
14,61.69854668658379,35505.0,2303.33,2018
15,63.475833790109135,37480.0,1842.67,2018
16,63.93285355659294,39585.0,1382.08,2018
17,68.98207212879724,42206.0,921.42,2018
18,71.15039836882784,45209.0,460.75,2018
19,87.00283888086186,52152.0,0.08,2018
0,43.049514133509255,17568.0,8752.5,2018
1,45.778929843694044,21964.0,8291.83,2018
2,46.397237684606104,23127.0,7831.17,2018
3,49.31412419694687,24327.0,7370.5,2018
4,50.166010036455496,25520.0,6909.92,2018
5,50.1728953403543,26760.0,6449.25,2018
6,50.49902118463624,27888.0,5988.58,2018
7,50.90970576220361,28935.0,5527.92,2018
8,51.376063316418715,29865.0,5067.25,2018
9,55.9021654571608,30721.0,4606.58,2018
10,56.19670897377373,31567.0,4146.0,2018
11,57.50653810904891,32315.0,3685.33,2018
12,57.95017405650773,33188.0,3224.67,2018
13,58.701722972283264,34182.0,2764.0,2018
14,60.24616805239505,35505.0,2303.33,2018
15,62.64093806345646,37480.0,1842.67,2018
16,62.85054382670745,39585.0,1382.08,2018
17,67.01336673915566,42206.0,921.42,2018
18,67.40725423654088,45209.0,460.75,2018
19,295.6875137946185,52152.0,0.08,2018
0,43.38487593848039,17568.0,8752.5,2018
1,48.19170189960824,21964.0,8291.83,2018
2,48.29858675277259,23127.0,7831.17,2018
3,48.443418437866235,24327.0,7370.5,2018
4,48.55058291397852,25520.0,6909.92,2018
5,48.84702541073077,26760.0,6449.25,2018
6,50.04151634900066,27888.0,5988.58,2018
7,53.501941516565324,28935.0,5527.92,2018
8,54.44635539982592,29865.0,5067.25,2018
9,55.18596404727631,30721.0,4606.58,2018
10,56.649856127644945,31567.0,4146.0,2018
11,56.683720191805364,32315.0,3685.33,2018
12,56.683720191805364,33188.0,3224.67,2018
13,56.989206548158954,34182.0,2764.0,2018
14,58.64711143771173,35505.0,2303.33,2018
15,59.440801863306326,37480.0,1842.67,2018
16,61.9662672400534,39585.0,1382.08,2018
17,66.21783016898826,42206.0,921.42,2018
18,71.74377959568058,45209.0,460.75,2018
19,88.70458460802436,52152.0,0.08,2018
0,41.611509211888944,17568.0,8752.5,2018
1,45.311676960070415,21964.0,8291.83,2018
2,48.514648209271904,23127.0,7831.17,2018
3,49.915587590398545,24327.0,7370.5,2018
4,52.05915118955724,25520.0,6909.92,2018
5,54.0999266569282,26760.0,6449.25,2018
6,54.85508464809869,27888.0,5988.58,2018
7,55.531735817091935,28935.0,5527.92,2018
8,55.95001553416999,29865.0,5067.25,2018
9,56.799366321381726,30721.0,4606.58,2018
10,56.799366321381726,31567.0,4146.0,2018
11,56.80914293243071,32315.0,3685.33,2018
12,56.8246157731723,33188.0,3224.67,2018
13,56.98372139620986,34182.0,2764.0,2018
14,59.83604685616628,35505.0,2303.33,2018
15,62.814523803659064,37480.0,1842.67,2018
16,63.76581552543989,39585.0,1382.08,2018
17,66.62967740620934,42206.0,921.42,2018
18,68.78607691276987,45209.0,460.75,2018
19,296.7762156919445,52152.0,0.08,2018
0,37.39507238377484,17568.0,8752.5,2018
1,48.971297566288015,21964.0,8291.83,2018
2,48.971297566288015,23127.0,7831.17,2018
3,49.669727327559194,24327.0,7370.5,2018
4,52.002453686396244,25520.0,6909.92,2018
5,52.68624594791881,26760.0,6449.25,2018
6,53.714377620184415,27888.0,5988.58,2018
7,53.9058911318418,28935.0,5527.92,2018
8,53.9058911318418,29865.0,5067.25,2018
9,54.31290831827195,30721.0,4606.58,2018
10,54.82098430217096,31567.0,4146.0,2018
11,55.06952512289737,32315.0,3685.33,2018
12,55.06952512289737,33188.0,3224.67,2018
13,55.77016774863714,34182.0,2764.0,2018
14,56.811244722331,35505.0,2303.33,2018
15,57.164210679691884,37480.0,1842.67,2018
16,60.43409202430283,39585.0,1382.08,2018
17,65.14162767304167,42206.0,921.42,2018
18,69.30687097213004,45209.0,460.75,2018
19,86.98984561761084,52152.0,0.08,2018
0,42.384593890881355,17568.0,8752.5,2018
1,53.29723060851881,21964.0,8291.83,2018
2,53.29723060851881,23127.0,7831.17,2018
3,54.542725276664875,24327.0,7370.5,2018
4,56.70257218009038,25520.0,6909.92,2018
5,57.13096838951791,26760.0,6449.25,2018
6,57.281637230237756,27888.0,5988.58,2018
7,57.342436042094405,28935.0,5527.92,2018
8,57.67483078400587,29865.0,5067.25,2018
9,58.31886028863754,30721.0,4606.58,2018
10,58.6101171993375,31567.0,4146.0,2018
11,59.15258216904429,32315.0,3685.33,2018
12,59.985112596832614,33188.0,3224.67,2018
13,60.046220163069286,34182.0,2764.0,2018
14,60.23330817361439,35505.0,2303.33,2018
15,61.6985449967889,37480.0,1842.67,2018
16,64.14151143608377,39585.0,1382.08,2018
17,65.71261602337049,42206.0,921.42,2018
18,67.19608460527344,45209.0,460.75,2018
19,87.05354157174395,52152.0,0.08,2018
0,41.13989189574451,17568.0,8752.5,2018
1,45.35208741471033,21964.0,8291.83,2018
2,46.230687293171705,23127.0,7831.17,2018
3,46.92879862688282,24327.0,7370.5,2018
4,47.99213049648392,25520.0,6909.92,2018
5,52.111256816504294,26760.0,6449.25,2018
6,53.543594617923276,27888.0,5988.58,2018
7,53.909540516966054,28935.0,5527.92,2018
8,55.87727218070774,29865.0,5067.25,2018
9,57.23045947503754,30721.0,4606.58,2018
10,58.18732488147338,31567.0,4146.0,2018
11,58.210107227997916,32315.0,3685.33,2018
12,58.314934460394966,33188.0,3224.67,2018
13,58.473986575660845,34182.0,2764.0,2018
14,59.299484793128336,35505.0,2303.33,2018
15,60.54847012868052,37480.0,1842.67,2018
16,65.3144746432254,39585.0,1382.08,2018
17,69.25851648364711,42206.0,921.42,2018
18,70.55971386915036,45209.0,460.75,2018
19,87.01919958011194,52152.0,0.08,2018
0,38.444589262262696,17568.0,8752.5,2018
1,51.4325659707902,21964.0,8291.83,2018
2,53.68943736796184,23127.0,7831.17,2018
3,54.837411203840155,24327.0,7370.5,2018
4,54.86863737977169,25520.0,6909.92,2018
5,54.946200864381126,26760.0,6449.25,2018
6,55.49551400145861,27888.0,5988.58,2018
7,56.783197402412775,28935.0,5527.92,2018
8,56.783197402412775,29865.0,5067.25,2018
9,57.37603063210138,30721.0,4606.58,2018
10,57.697898771175126,31567.0,4146.0,2018
11,58.32264915371288,32315.0,3685.33,2018
12,58.8146184320404,33188.0,3224.67,2018
13,59.71964857235201,34182.0,2764.0,2018
14,60.22526163190213,35505.0,2303.33,2018
15,61.36066901962534,37480.0,1842.67,2018
16,66.28031097688654,39585.0,1382.08,2018
17,71.73165265577872,42206.0,921.42,2018
18,82.29681607599967,45209.0,460.75,2018
19,86.9529851741507,52152.0,0.08,2018
0,42.499678959830334,17568.0,8752.5,2018
1,50.46451563364299,21964.0,8291.83,2018
2,51.607680087411005,23127.0,7831.17,2018
3,52.203328304118536,24327.0,7370.5,2018
4,52.43737580785531,25520.0,6909.92,2018
5,52.83700642971146,26760.0,6449.25,2018
6,52.85261776475452,27888.0,5988.58,2018
7,53.10111935350476,28935.0,5527.92,2018
8,54.06906282561632,29865.0,5067.25,2018
9,56.50738194752678,30721.0,4606.58,2018
10,57.6868088996116,31567.0,4146.0,2018
11,57.6868088996116,32315.0,3685.33,2018
12,58.46030557221754,33188.0,3224.67,2018
13,60.116632826184855,34182.0,2764.0,2018
14,60.16641021875061,35505.0,2303.33,2018
15,61.81010973098948,37480.0,1842.67,2018
16,62.81918604927884,39585.0,1382.08,2018
17,67.81001464688357,42206.0,921.42,2018
18,68.19122853835692,45209.0,460.75,2018
19,87.03970006559915,52152.0,0.08,2018
0,41.63823093803421,17568.0,8752.5,2018
1,46.93794591541795,21964.0,8291.83,2018
2,47.399608040652,23127.0,7831.17,2018
3,49.93189714376207,24327.0,7370.5,2018
4,49.93189714376207,25520.0,6909.92,2018
5,51.18986441600871,26760.0,6449.25,2018
6,51.22920510248748,27888.0,5988.58,2018
7,52.59639420911913,28935.0,5527.92,2018
8,53.24198868737911,29865.0,5067.25,2018
9,56.023067002043916,30721.0,4606.58,2018
10,56.184825666564585,31567.0,4146.0,2018
11,56.184825666564585,32315.0,3685.33,2018
12,56.44044475814359,33188.0,3224.67,2018
13,56.99115964543192,34182.0,2764.0,2018
14,58.69894521400581,35505.0,2303.33,2018
15,60.3432381081476,37480.0,1842.67,2018
16,60.872181999130966,39585.0,1382.08,2018
17,63.500669850410134,42206.0,921.42,2018
18,68.42142996069681,45209.0,460.75,2018
19,86.99382407302116,52152.0,0.08,2018
