,0
0,144.85264587402344
1,150.0
2,4.460720062255859
3,148.37110900878906
4,150.0
5,0.0
6,8.550832748413086
7,0.0
8,149.86444091796875
9,133.42156982421875
10,0.6087130904197693
11,150.0
12,150.0
13,150.0
14,141.33609008789062
15,6.97921895980835
16,5.21663761138916
17,5.14608907699585
18,148.48788452148438
19,148.17694091796875
20,5.986850261688232
21,0.1599656194448471
22,0.0
23,150.0
24,150.0
25,3.1869056224823
26,150.0
27,0.0
28,0.0
29,147.07066345214844
30,5.534141540527344
31,0.0
32,1.3760396242141724
33,150.0
34,144.97509765625
35,3.2320048809051514
36,0.0
37,0.0
38,0.0
39,150.0
40,150.0
41,145.8603515625
42,1.938302993774414
43,148.91192626953125
44,4.123287200927734
45,150.0
46,144.26882934570312
47,9.50876522064209
48,141.5980224609375
49,0.0
50,0.0
51,5.021976947784424
52,147.53594970703125
53,150.0
54,6.395302772521973
55,150.0
56,0.5472967028617859
57,5.023880481719971
58,4.288840293884277
59,8.479303359985352
60,137.56158447265625
61,3.8722407817840576
62,0.0
63,147.76048278808594
64,148.19386291503906
65,145.76136779785156
66,150.0
67,0.0
68,0.0
69,16.73021125793457
70,0.0
71,0.0
72,138.29312133789062
73,0.0
74,2.3696281909942627
75,9.386764526367188
76,145.26806640625
77,150.0
78,150.0
79,0.2771821618080139
80,150.0
81,146.9200897216797
82,145.17173767089844
83,0.0
84,4.220425605773926
85,0.0
86,150.0
87,0.0
88,150.0
89,0.0
90,0.0
91,0.0
92,146.845703125
93,11.742237091064453
94,150.0
95,144.86782836914062
96,146.84234619140625
97,0.4493274688720703
98,1.8470512628555298
99,0.7721733450889587
100,150.0
101,0.6191595792770386
102,150.0
103,0.0
104,6.630939483642578
105,0.0
106,0.0
107,0.0
108,150.0
109,0.0
110,7.776801586151123
111,147.60914611816406
112,0.0
113,2.5606610774993896
114,148.5214080810547
115,0.06990429013967514
116,150.0
117,0.0
118,150.0
119,147.87979125976562
120,8.12490463256836
121,6.348376750946045
122,145.97793579101562
123,150.0
124,150.0
125,147.70094299316406
126,147.94345092773438
127,150.0
128,0.0
129,0.0
130,150.0
131,0.0
132,11.832852363586426
133,0.0
134,149.1138916015625
135,150.0
136,144.9052276611328
137,146.65199279785156
138,0.0
139,147.0596466064453
140,150.0
141,0.0
142,150.0
143,150.0
144,0.0
145,150.0
146,150.0
147,150.0
148,150.0
149,150.0
150,0.0
151,0.0
152,142.59617614746094
153,0.0
154,150.0
155,150.0
156,0.0
157,149.2914581298828
158,134.55563354492188
159,150.0
160,141.9982147216797
161,11.300046920776367
162,0.0
163,142.34214782714844
164,150.0
165,0.0
166,148.0919189453125
167,4.927672863006592
168,148.28932189941406
169,0.0
170,4.104160785675049
171,0.0
172,3.7056405544281006
173,150.0
174,150.0
175,147.57037353515625
176,4.653995513916016
177,2.699603796005249
178,0.0
179,150.0
180,142.10601806640625
181,6.6400370597839355
182,0.0
183,143.67449951171875
184,4.341148853302002
185,150.0
186,150.0
187,4.724595546722412
188,142.76544189453125
189,150.0
190,150.0
191,0.47217974066734314
192,150.0
193,148.54017639160156
194,150.0
195,0.0
196,0.6442815661430359
197,0.0671549141407013
198,150.0
199,8.165704727172852
200,138.75035095214844
201,148.572998046875
202,148.41676330566406
203,149.14930725097656
204,149.09568786621094
205,1.6882635354995728
206,141.49191284179688
207,0.0
208,147.8007354736328
209,0.3582967221736908
210,148.9416961669922
211,4.330230236053467
212,148.38546752929688
213,0.0
214,0.0
215,10.454489707946777
216,144.02777099609375
217,146.78831481933594
218,0.0
219,145.7001495361328
220,150.0
221,0.0
222,10.221688270568848
223,2.2322347164154053
224,148.96324157714844
225,139.61618041992188
226,0.0
227,150.0
228,150.0
229,150.0
230,144.98214721679688
231,7.403323650360107
232,4.797200679779053
233,2.930352210998535
234,150.0
235,147.69171142578125
236,1.345805048942566
237,0.0
238,0.0
239,150.0
240,150.0
241,0.0
242,150.0
243,0.0
244,0.0
245,150.0
246,1.6058000326156616
247,0.0
248,4.356122016906738
249,150.0
250,146.09225463867188
251,6.78143310546875
252,0.0
253,0.0
254,0.0
255,150.0
256,150.0
257,143.94357299804688
258,0.0
259,150.0
260,8.599289894104004
261,150.0
262,147.28086853027344
263,14.926416397094727
264,144.3682403564453
265,0.0
266,1.5364140272140503
267,0.7242890000343323
268,148.18594360351562
269,149.87939453125
270,7.747552394866943
271,150.0
272,2.1909825801849365
273,8.345431327819824
274,0.0
275,6.633002758026123
276,141.74542236328125
277,2.208113431930542
278,1.6325750350952148
279,144.37742614746094
280,150.0
281,142.63136291503906
282,150.0
283,0.0
284,0.0
285,11.827017784118652
286,0.0
287,0.0
288,137.2317352294922
289,0.0
290,4.498693466186523
291,7.84424352645874
292,148.20082092285156
293,150.0
294,150.0
295,0.0
296,150.0
297,149.52163696289062
298,143.096435546875
299,0.0
300,1.3949607610702515
301,0.0
302,150.0
303,0.0
304,150.0
305,0.0
306,0.0
307,0.0
308,147.5646514892578
309,10.932952880859375
310,150.0
311,146.06932067871094
312,148.59490966796875
313,0.5194794535636902
314,0.9321856498718262
315,5.27765417098999
316,150.0
317,1.318230152130127
318,150.0
319,0.0
320,5.019084453582764
321,0.0
322,0.0
323,0.0
324,150.0
325,0.0
326,8.404029846191406
327,148.00552368164062
328,0.4644036293029785
329,0.0
330,146.9375762939453
331,4.401210308074951
332,150.0
333,0.0
334,150.0
335,143.20053100585938
336,11.389697074890137
337,9.466221809387207
338,147.36985778808594
339,149.35983276367188
340,150.0
341,149.16259765625
342,150.0
343,150.0
344,0.0
345,0.0
346,150.0
347,0.0
348,10.499687194824219
349,0.0
350,146.41427612304688
351,150.0
352,146.44583129882812
353,148.21250915527344
354,0.0
355,149.552978515625
356,150.0
357,0.0
358,150.0
359,150.0
360,0.0
361,150.0
362,150.0
363,150.0
364,150.0
365,150.0
366,0.0
367,0.0
368,142.56793212890625
369,2.4578475952148438
370,150.0
371,148.36244201660156
372,0.0
373,144.2667694091797
374,137.8003387451172
375,150.0
376,141.2310028076172
377,8.445439338684082
378,0.0
379,143.30984497070312
380,150.0
381,0.0
382,150.0
383,3.116795301437378
384,150.0
385,0.0
386,3.6865994930267334
387,0.0
388,1.0532069206237793
389,149.61419677734375
390,150.0
391,146.80514526367188
392,6.755921363830566
393,3.340130567550659
394,0.0
395,149.59898376464844
396,141.17234802246094
397,2.7916226387023926
398,0.4036441743373871
399,144.12930297851562
400,0.7217180728912354
401,150.0
402,150.0
403,1.6027227640151978
404,146.8207244873047
405,150.0
406,150.0
407,0.0
408,150.0
409,149.21339416503906
410,150.0
411,0.0
412,0.0
413,4.635622501373291
414,150.0
415,2.0846822261810303
416,139.5803680419922
417,148.48150634765625
418,150.0
419,148.9160919189453
420,150.0
421,5.493880271911621
422,147.7974395751953
423,0.0
424,148.9159698486328
425,2.9630379676818848
426,146.5254364013672
427,5.314464569091797
428,149.8657989501953
429,0.0
430,0.0
431,5.615574836730957
432,140.31417846679688
433,147.17393493652344
434,0.0
435,145.60494995117188
436,150.0
437,3.351196765899658
438,11.830022811889648
439,0.0
440,150.0
441,136.82814025878906
442,0.0
443,150.0
444,148.87464904785156
445,150.0
446,146.86129760742188
447,8.724379539489746
448,5.040225028991699
449,0.0
450,150.0
451,146.05029296875
452,4.207703113555908
453,0.0
454,0.0
455,150.0
456,150.0
457,0.0
458,150.0
459,0.0
460,0.0
461,150.0
462,0.0
463,0.0
464,1.3783512115478516
465,150.0
466,147.3284149169922
467,6.4010467529296875
468,0.0
469,0.0
470,0.0
471,150.0
472,150.0
473,148.1584014892578
474,0.0
475,150.0
476,6.410241603851318
477,150.0
478,146.11366271972656
479,7.951767921447754
480,145.2352294921875
481,0.0
482,0.7468317747116089
483,0.0
484,150.0
485,150.0
486,9.815386772155762
487,150.0
488,0.0
489,8.679855346679688
490,4.686851501464844
491,3.0067756175994873
492,143.42739868164062
493,3.546116352081299
494,4.212672710418701
495,149.4007110595703
496,150.0
497,150.0
498,150.0
499,0.0
500,0.0
501,13.012414932250977
502,2.8913681507110596
503,0.0
504,141.2994842529297
505,0.0
506,3.193427085876465
507,8.491036415100098
508,150.0
509,150.0
510,148.03640747070312
511,0.0
512,150.0
513,147.9646759033203
514,140.94180297851562
515,0.0
516,1.7454833984375
517,0.0
518,150.0
519,0.0
520,150.0
521,0.0
522,0.0
523,0.0
524,149.70196533203125
525,11.166419982910156
526,150.0
527,144.59225463867188
528,145.73416137695312
529,0.0
530,0.0
531,10.204007148742676
532,149.87391662597656
533,2.015137195587158
534,150.0
535,0.0
536,5.177676677703857
537,0.0
538,0.0
539,1.5995250940322876
540,150.0
541,0.0
542,5.482242107391357
543,149.26380920410156
544,0.9596190452575684
545,0.0
546,145.5524444580078
547,6.049253463745117
548,150.0
549,1.68708074092865
550,149.59715270996094
551,141.785888671875
552,9.267560958862305
553,4.140285491943359
554,142.05532836914062
555,145.6252899169922
556,150.0
557,149.8918914794922
558,150.0
559,150.0
560,0.0
561,0.0
562,149.2122802734375
563,0.0
564,9.269397735595703
565,0.9690810441970825
566,143.35496520996094
567,150.0
568,148.29808044433594
569,148.71632385253906
570,0.0
571,150.0
572,146.2706756591797
573,0.0
574,150.0
575,150.0
576,0.0
577,150.0
578,150.0
579,150.0
580,150.0
581,147.08419799804688
582,2.5120084285736084
583,0.0
584,143.49984741210938
585,0.5923258662223816
586,150.0
587,145.45083618164062
588,0.0
589,144.24488830566406
590,140.16065979003906
591,150.0
592,146.17599487304688
593,5.546605587005615
594,0.0
595,145.58241271972656
596,150.0
597,0.0
598,150.0
599,3.2027976512908936
600,150.0
601,0.0
602,1.7965328693389893
603,1.6119734048843384
604,0.0
605,150.0
606,150.0
607,149.02679443359375
608,6.704400539398193
609,5.118497848510742
610,0.0
611,145.92367553710938
612,141.2838134765625
613,2.8288414478302
614,0.0
615,142.81204223632812
616,6.863141059875488
617,150.0
618,150.0
619,0.0
620,146.63229370117188
621,150.0
622,150.0
623,0.0
624,150.0
625,150.0
626,150.0
627,0.0
628,0.0
629,6.508490085601807
630,150.0
631,1.671483039855957
632,140.8387451171875
633,149.23605346679688
634,149.04449462890625
635,148.77218627929688
636,150.0
637,1.8888161182403564
638,142.85926818847656
639,0.0
640,149.96665954589844
641,3.8097481727600098
642,143.86300659179688
643,9.178314208984375
644,150.0
645,0.0
646,3.367746114730835
647,3.457993268966675
648,143.61968994140625
649,149.191162109375
650,0.0
651,147.9628448486328
652,150.0
653,3.0166404247283936
654,8.603189468383789
655,0.0
656,146.91299438476562
657,144.823974609375
658,1.7891138792037964
659,150.0
660,149.08416748046875
661,150.0
662,148.47219848632812
663,3.5109684467315674
664,4.6688151359558105
665,0.0
666,148.14793395996094
667,150.0
668,7.197969913482666
669,0.0
670,0.0
671,148.36074829101562
672,150.0
673,0.0
674,150.0
675,0.9929571151733398
676,0.0
677,144.96080017089844
678,0.0
679,0.0
680,0.4467453956604004
681,150.0
682,146.05455017089844
683,7.190781593322754
684,0.0
685,0.0
686,0.0
687,148.43467712402344
688,150.0
689,150.0
690,2.171907901763916
691,150.0
692,11.829808235168457
693,150.0
694,146.70245361328125
695,5.912292957305908
696,145.48358154296875
697,0.0
698,0.0
699,0.7017027735710144
700,150.0
701,149.59576416015625
702,9.193197250366211
703,148.63641357421875
704,0.0
705,7.50356912612915
706,3.196204423904419
707,4.9787492752075195
708,144.9939422607422
709,3.9649388790130615
710,6.231439590454102
711,150.0
712,148.5506134033203
713,149.8372039794922
714,150.0
715,0.0
716,0.0
717,9.119997024536133
718,0.0
719,0.0
720,144.57003784179688
721,0.8565675020217896
722,0.0
723,6.3736186027526855
724,150.0
725,150.0
726,150.0
727,0.0
728,150.0
729,150.0
730,144.2206573486328
731,0.0
732,0.21328210830688477
733,1.055631160736084
734,150.0
735,0.0
736,150.0
737,0.012043789029121399
738,2.516822576522827
739,0.0
740,145.97286987304688
741,7.757824897766113
742,150.0
743,146.13351440429688
744,144.13221740722656
745,0.0
746,0.0
747,6.387867450714111
748,150.0
749,0.0
750,150.0
751,1.1238996982574463
752,9.552801132202148
753,0.0
754,0.0
755,0.0
756,150.0
757,0.0
758,3.1039397716522217
759,150.0
760,3.6453120708465576
761,3.476383924484253
762,150.0
763,0.0
764,150.0
765,0.8381542563438416
766,150.0
767,142.24301147460938
768,7.021988868713379
769,4.990527629852295
770,142.04959106445312
771,146.47418212890625
772,149.3794708251953
773,150.0
774,147.79580688476562
775,150.0
776,0.0
777,0.0
778,150.0
779,0.0
780,9.144797325134277
781,0.0
782,142.78961181640625
783,148.06520080566406
784,149.2093048095703
785,147.17979431152344
786,0.0
787,142.9982147216797
788,149.13479614257812
789,1.7767248153686523
790,150.0
791,150.0
792,0.0
793,150.0
794,150.0
795,150.0
796,150.0
797,149.40428161621094
798,0.0
799,0.0
800,143.5968780517578
801,0.0
802,150.0
803,145.6752166748047
804,0.0
805,143.70985412597656
806,140.45997619628906
807,150.0
808,146.78955078125
809,5.179457187652588
810,0.0
811,144.7305450439453
812,150.0
813,0.0
814,150.0
815,1.327438235282898
816,146.63644409179688
817,0.0
818,2.592449903488159
819,0.5575921535491943
820,2.9732818603515625
821,146.4401397705078
822,150.0
823,147.49356079101562
824,3.6880855560302734
825,5.1097822189331055
826,0.0
827,141.4208221435547
828,141.4976348876953
829,0.0
830,0.0
831,140.24525451660156
832,9.261080741882324
833,150.0
834,150.0
835,2.1882855892181396
836,143.74864196777344
837,150.0
838,150.0
839,0.0
840,150.0
841,150.0
842,150.0
843,4.952613353729248
844,0.0
845,9.60303783416748
846,150.0
847,1.6745136976242065
848,139.22940063476562
849,150.0
850,148.97140502929688
851,146.0353546142578
852,150.0
853,1.0456491708755493
854,145.0396270751953
855,0.0
856,148.34918212890625
857,5.255871772766113
858,147.06918334960938
859,8.682636260986328
860,150.0
861,0.0
862,0.4985598623752594
863,1.6346015930175781
864,140.58309936523438
865,145.097900390625
866,4.353572368621826
867,145.4036102294922
868,150.0
869,0.0
870,6.330962657928467
871,0.0
872,146.83506774902344
873,146.57225036621094
874,1.3077104091644287
875,150.0
876,143.850830078125
877,149.31036376953125
878,150.0
879,3.9283947944641113
880,1.2272878885269165
881,0.0
882,145.552001953125
883,150.0
884,2.2056918144226074
885,1.4247063398361206
886,0.0
887,148.16851806640625
888,150.0
889,1.7085148096084595
890,150.0
891,3.6551015377044678
892,0.0
893,147.45965576171875
894,0.0
895,0.0
896,0.0
897,149.00502014160156
898,143.33489990234375
899,3.9009950160980225
900,0.0
901,0.0
902,0.0
903,150.0
904,150.0
905,150.0
906,5.343748092651367
907,150.0
908,13.939958572387695
909,149.0093994140625
910,145.97097778320312
911,7.276835918426514
912,150.0
913,0.0
914,0.0
915,0.0
916,150.0
917,149.3815460205078
918,5.780740261077881
919,150.0
920,0.0
921,2.9217031002044678
922,0.0
923,5.936566352844238
924,150.0
925,1.5313760042190552
926,1.8475757837295532
927,150.0
928,148.1059112548828
929,150.0
930,150.0
931,0.0
932,3.2764461040496826
933,8.492236137390137
934,3.554647922515869
935,0.0
936,148.21923828125
937,0.0
938,5.2862324714660645
939,7.249604225158691
940,150.0
941,150.0
942,150.0
943,0.0
944,150.0
945,146.26724243164062
946,146.4097137451172
947,0.0
948,0.23861682415008545
949,2.4188971519470215
950,150.0
951,0.0
952,150.0
953,3.969252824783325
954,2.226513147354126
955,0.0
956,143.83694458007812
957,8.564533233642578
958,150.0
959,146.01531982421875
960,144.13819885253906
961,0.45540332794189453
962,1.1062768697738647
963,3.4448463916778564
964,150.0
965,3.503117799758911
966,150.0
967,4.554074764251709
968,6.040797710418701
969,0.0
970,0.0
971,0.0
972,150.0
973,0.0
974,0.0
975,150.0
976,7.121816158294678
977,2.612761974334717
978,144.3201141357422
979,0.0
980,150.0
981,1.7726181745529175
982,148.07090759277344
983,147.41043090820312
984,2.6215553283691406
985,4.768276214599609
986,143.5542755126953
987,146.5848846435547
988,150.0
989,150.0
990,148.33114624023438
991,150.0
992,0.0
993,1.6035445928573608
994,150.0
995,0.0
996,11.28746509552002
997,0.0
998,142.14602661132812
999,148.0039825439453
1000,150.0
1001,150.0
1002,1.8066694736480713
1003,139.60255432128906
1004,146.75843811035156
1005,2.043962001800537
1006,150.0
1007,150.0
1008,0.0
1009,150.0
1010,150.0
1011,146.80557250976562
1012,150.0
1013,149.4813690185547
1014,0.0
1015,0.0
1016,144.82101440429688
1017,0.0
1018,150.0
1019,145.46652221679688
1020,0.0
1021,145.30564880371094
1022,141.700439453125
1023,150.0
1024,139.06065368652344
1025,6.172570705413818
1026,0.0
1027,146.01309204101562
1028,150.0
1029,0.0
1030,150.0
1031,1.3554246425628662
1032,148.9703369140625
1033,0.0
1034,1.8612003326416016
1035,7.655929088592529
1036,2.5849130153656006
1037,150.0
1038,150.0
1039,147.38031005859375
1040,0.46386680006980896
1041,0.0
1042,0.0
1043,142.8395233154297
1044,146.4198760986328
1045,0.0
1046,0.0
1047,138.826904296875
1048,8.055466651916504
1049,150.0
1050,150.0
1051,1.7137001752853394
1052,143.12503051757812
1053,150.0
1054,147.69387817382812
1055,0.0
1056,150.0
1057,150.0
1058,150.0
1059,10.39859390258789
1060,0.0
1061,7.189258575439453
1062,149.47943115234375
1063,4.516643047332764
1064,144.47915649414062
1065,150.0
1066,150.0
1067,150.0
1068,150.0
1069,0.0
1070,146.40101623535156
1071,0.0
1072,147.6792755126953
1073,3.2323715686798096
1074,150.0
1075,2.830681800842285
1076,150.0
1077,0.0
1078,3.7127997875213623
1079,2.7983741760253906
1080,140.12994384765625
1081,147.9422607421875
1082,3.1209933757781982
1083,144.92169189453125
1084,150.0
1085,3.7401530742645264
1086,1.4775029420852661
1087,0.0
1088,145.9891815185547
1089,146.4276123046875
1090,0.0
1091,145.0680389404297
1092,142.27793884277344
1093,149.07363891601562
1094,150.0
1095,0.8592018485069275
1096,0.0
1097,0.0
1098,141.56788635253906
1099,149.21421813964844
1100,1.8887125253677368
1101,4.719939231872559
1102,0.0
1103,147.61134338378906
1104,150.0
1105,3.297901153564453
1106,150.0
1107,1.3252451419830322
1108,0.0
1109,141.3063507080078
1110,0.0
1111,0.0
1112,0.0
1113,150.0
1114,143.32546997070312
1115,6.853288173675537
1116,0.0
1117,0.0
1118,0.0
1119,150.0
1120,150.0
1121,150.0
1122,10.386222839355469
1123,149.53050231933594
1124,9.301955223083496
1125,148.009765625
1126,144.18577575683594
1127,7.366156101226807
1128,150.0
1129,0.0
1130,0.0
1131,0.702812671661377
1132,150.0
1133,149.42877197265625
1134,5.146386623382568
1135,150.0
1136,0.0
1137,3.462289810180664
1138,2.4221503734588623
1139,5.977783203125
1140,150.0
1141,0.22083799540996552
1142,0.0
1143,150.0
1144,148.7504119873047
1145,149.39402770996094
1146,150.0
1147,1.1871628761291504
1148,1.8292722702026367
1149,8.531825065612793
1150,7.980387210845947
1151,0.0
1152,146.97755432128906
1153,0.0
1154,4.166059970855713
1155,4.040685176849365
1156,150.0
1157,150.0
1158,150.0
1159,0.0
1160,150.0
1161,149.93235778808594
1162,145.6804656982422
1163,0.0
1164,0.0
1165,1.6070327758789062
1166,150.0
1167,0.0
1168,150.0
1169,0.0
1170,0.055381130427122116
1171,0.0
1172,145.1380615234375
1173,5.753619194030762
1174,150.0
1175,148.24974060058594
1176,145.55755615234375
1177,0.0
1178,2.803081512451172
1179,4.047982692718506
1180,150.0
1181,5.640938758850098
1182,150.0
1183,6.911896705627441
1184,6.345520973205566
1185,0.0
1186,0.0
1187,0.0
1188,149.74781799316406
1189,0.0
1190,1.2041960954666138
1191,150.0
1192,5.748690605163574
1193,0.0
1194,150.0
1195,0.0
1196,150.0
1197,0.8117462396621704
1198,139.85418701171875
1199,144.3640594482422
1200,0.0
1201,7.077427864074707
1202,145.77322387695312
1203,142.7145538330078
1204,150.0
1205,150.0
1206,150.0
1207,150.0
1208,0.0
1209,2.0528857707977295
1210,147.52517700195312
1211,0.0
1212,3.16953706741333
1213,2.1114661693573
1214,143.58363342285156
1215,150.0
1216,150.0
1217,150.0
1218,1.8002980947494507
1219,143.76844787597656
1220,150.0
1221,2.6322662830352783
1222,149.3447723388672
1223,150.0
1224,0.0
1225,150.0
1226,150.0
1227,142.56980895996094
1228,150.0
1229,147.20919799804688
1230,0.0
1231,5.854518413543701
1232,142.1327362060547
1233,0.0
1234,150.0
1235,148.317138671875
1236,3.4757580757141113
1237,148.04237365722656
1238,142.0697021484375
1239,150.0
1240,139.7244873046875
1241,5.782951354980469
1242,0.0
1243,149.19354248046875
1244,149.39907836914062
1245,0.0
1246,148.4457550048828
1247,0.0
1248,150.0
1249,0.0
1250,0.0
1251,5.678098678588867
1252,4.542287826538086
1253,150.0
1254,150.0
1255,149.94349670410156
1256,0.0
1257,0.3372046649456024
1258,0.0
1259,145.94117736816406
1260,142.7799072265625
1261,0.0
1262,0.0
1263,137.05929565429688
1264,7.837071418762207
1265,150.0
1266,150.0
1267,0.7836441397666931
1268,140.57740783691406
1269,150.0
1270,146.32794189453125
1271,1.2540557384490967
1272,145.75765991210938
1273,150.0
1274,150.0
1275,3.264151096343994
1276,0.0
1277,4.990352153778076
1278,147.46597290039062
1279,5.76204252243042
1280,146.2495880126953
1281,150.0
1282,150.0
1283,150.0
1284,150.0
1285,2.542837142944336
1286,144.6957244873047
1287,0.7180944085121155
1288,146.791748046875
1289,3.3020176887512207
1290,150.0
1291,0.0
1292,150.0
1293,0.0
1294,8.017772674560547
1295,7.158626556396484
1296,141.9743194580078
1297,148.48788452148438
1298,5.245555877685547
1299,146.3656463623047
1300,150.0
1301,1.1477583646774292
1302,0.0
1303,1.4756286144256592
1304,150.0
1305,145.29086303710938
1306,0.7994505167007446
1307,144.06329345703125
1308,140.8679656982422
1309,150.0
1310,150.0
1311,1.8512157201766968
1312,0.0
1313,0.0
1314,140.51011657714844
1315,150.0
1316,1.1500306129455566
1317,3.5632901191711426
1318,0.0
1319,146.45848083496094
1320,150.0
1321,2.6077687740325928
1322,150.0
1323,2.0861752033233643
1324,0.0
1325,146.47195434570312
1326,0.0
1327,0.0
1328,0.0
1329,150.0
1330,147.11647033691406
1331,5.709035396575928
1332,0.0
1333,0.0
1334,0.0
1335,150.0
1336,150.0
1337,150.0
1338,8.36575984954834
1339,150.0
1340,4.644430160522461
1341,149.75917053222656
1342,143.5615692138672
1343,6.379724502563477
1344,150.0
1345,0.0
1346,0.0
1347,0.31077420711517334
1348,150.0
1349,150.0
1350,5.3326826095581055
1351,150.0
1352,0.0
1353,5.791833877563477
1354,1.7248127460479736
1355,9.30533218383789
1356,150.0
1357,1.1533020734786987
1358,2.9540977478027344
1359,150.0
1360,147.38455200195312
1361,150.0
1362,149.1313934326172
1363,5.200960636138916
1364,4.286338806152344
1365,0.5193006992340088
1366,4.533603191375732
1367,0.0
1368,142.3361358642578
1369,0.0
1370,2.6213018894195557
1371,7.378795146942139
1372,149.71681213378906
1373,150.0
1374,150.0
1375,0.0
1376,150.0
1377,148.57972717285156
1378,144.51675415039062
1379,0.0
1380,0.0
1381,0.0
1382,150.0
1383,0.0
1384,150.0
1385,0.24225175380706787
1386,0.0
1387,0.0
1388,144.65042114257812
1389,2.92676043510437
1390,150.0
1391,146.196533203125
1392,145.42807006835938
1393,0.0
1394,3.5177807807922363
1395,3.187647581100464
1396,150.0
1397,15.21971607208252
1398,150.0
1399,6.884605407714844
1400,3.7502903938293457
1401,0.0
1402,0.0
1403,0.0
1404,150.0
1405,0.0
1406,0.9323179125785828
1407,150.0
1408,0.0
1409,0.0
1410,150.0
1411,0.0
1412,150.0
1413,0.6265764832496643
1414,143.3409881591797
1415,150.0
1416,0.0
1417,4.014904022216797
1418,142.87518310546875
1419,141.1913299560547
1420,150.0
1421,150.0
1422,150.0
1423,149.25169372558594
1424,0.0
1425,0.17990805208683014
1426,148.80625915527344
1427,0.0
1428,2.6552488803863525
1429,1.5812404155731201
1430,146.61143493652344
1431,147.8485565185547
1432,148.14236450195312
1433,150.0
1434,6.575711250305176
1435,141.2587432861328
1436,150.0
1437,2.8832859992980957
1438,149.71725463867188
1439,150.0
1440,0.4425226151943207
1441,150.0
1442,150.0
1443,144.9724578857422
1444,150.0
1445,149.76072692871094
1446,0.0
1447,3.9387059211730957
1448,143.44407653808594
1449,0.0
1450,150.0
1451,146.6385498046875
1452,2.105025291442871
1453,146.9369659423828
1454,141.6666259765625
1455,150.0
1456,140.80654907226562
1457,6.072307586669922
1458,0.0
1459,150.0
1460,145.04733276367188
1461,0.0
1462,147.68325805664062
1463,0.0
1464,150.0
1465,0.0
1466,0.0
1467,6.136481285095215
1468,7.857399940490723
1469,150.0
1470,150.0
1471,146.6454620361328
1472,0.0
1473,0.0
1474,0.0
1475,148.2237091064453
1476,145.48138427734375
1477,0.0
1478,0.0
1479,137.63406372070312
1480,7.652696132659912
1481,150.0
1482,150.0
1483,0.0
1484,142.8076934814453
1485,150.0
1486,150.0
1487,2.243051290512085
1488,147.63572692871094
1489,150.0
1490,150.0
1491,2.77504301071167
1492,0.0
1493,7.286524295806885
1494,150.0
1495,8.350478172302246
1496,146.19528198242188
1497,150.0
1498,150.0
1499,150.0
1500,150.0
1501,0.0
1502,150.0
1503,2.812159776687622
1504,147.41368103027344
1505,4.244296550750732
1506,150.0
1507,0.0
1508,150.0
1509,0.0
1510,8.993047714233398
1511,5.713733196258545
1512,142.49769592285156
1513,149.2561798095703
1514,1.2914626598358154
1515,144.98643493652344
1516,150.0
1517,4.092262268066406
1518,0.0
1519,1.8008005619049072
1520,150.0
1521,145.5361328125
1522,0.0
1523,142.955322265625
1524,142.79965209960938
1525,150.0
1526,150.0
1527,0.6496965289115906
1528,0.0
1529,0.0
1530,136.62277221679688
1531,150.0
1532,0.0
1533,0.17298392951488495
1534,0.0
1535,146.8740234375
1536,150.0
1537,0.0
1538,150.0
1539,0.0
1540,0.0
1541,145.13755798339844
1542,0.0
1543,0.0
1544,0.0
1545,150.0
1546,149.68667602539062
1547,7.618521213531494
1548,0.0
1549,0.0
1550,0.0
1551,150.0
1552,150.0
1553,150.0
1554,2.0439412593841553
1555,148.22930908203125
1556,3.18315052986145
1557,150.0
1558,142.9990692138672
1559,6.418818950653076
1560,150.0
1561,0.0
1562,0.0
1563,0.0
1564,150.0
1565,149.6804656982422
1566,2.735603094100952
1567,150.0
1568,0.0
1569,3.879929304122925
1570,4.093218803405762
1571,4.29067850112915
1572,150.0
1573,0.0
1574,3.489628314971924
1575,150.0
1576,150.0
1577,149.56944274902344
1578,148.50563049316406
1579,2.7859268188476562
1580,0.0
1581,0.0
1582,5.302770137786865
1583,0.0
1584,137.61776733398438
1585,1.5958012342453003
1586,0.07280051708221436
1587,3.024709701538086
1588,148.92111206054688
1589,150.0
1590,149.26870727539062
1591,0.0
1592,150.0
1593,150.0
1594,141.02853393554688
1595,0.0
1596,0.0
1597,0.0
1598,150.0
1599,0.0
1600,149.91952514648438
1601,0.0
1602,0.0
1603,0.0
1604,143.73135375976562
1605,0.11102490872144699
1606,150.0
1607,144.85533142089844
1608,146.909423828125
1609,2.0580883026123047
1610,4.183388710021973
1611,2.239781379699707
1612,150.0
1613,12.566843032836914
1614,150.0
1615,11.807650566101074
1616,0.0
1617,0.0
1618,0.0
1619,0.0
1620,150.0
1621,0.0
1622,0.0
1623,150.0
1624,0.0
1625,0.0
1626,150.0
1627,0.0
1628,150.0
1629,0.4592960476875305
1630,143.52804565429688
1631,150.0
1632,5.495555877685547
1633,0.18882036209106445
1634,142.0286407470703
1635,144.5500946044922
1636,150.0
1637,150.0
1638,150.0
1639,150.0
1640,0.0
1641,4.325400352478027
1642,149.5458221435547
1643,0.0
1644,4.300843715667725
1645,0.22614677250385284
1646,148.59716796875
1647,149.70265197753906
1648,149.1533660888672
1649,150.0
1650,6.314202308654785
1651,145.86325073242188
1652,150.0
1653,3.778062582015991
1654,149.41197204589844
1655,150.0
1656,0.0
1657,150.0
1658,150.0
1659,141.08335876464844
1660,150.0
1661,146.6749725341797
1662,0.0
1663,1.7649081945419312
1664,142.20883178710938
1665,0.0
1666,150.0
1667,147.6165008544922
1668,0.0
1669,150.0
1670,141.72808837890625
1671,150.0
1672,142.55914306640625
1673,1.1426904201507568
1674,0.0
1675,150.0
1676,145.9973907470703
1677,0.0
1678,141.17091369628906
1679,0.0
1680,150.0
1681,0.0
1682,1.4981685876846313
1683,3.7648415565490723
1684,10.579850196838379
1685,149.82965087890625
1686,150.0
1687,148.9318084716797
1688,0.0
1689,0.002749040722846985
1690,0.0
1691,150.0
1692,142.98728942871094
1693,0.0
1694,0.0
1695,136.86993408203125
1696,8.7597074508667
1697,150.0
1698,150.0
1699,0.314607709646225
1700,145.09939575195312
1701,147.00416564941406
1702,150.0
1703,0.0
1704,146.31568908691406
1705,149.4853057861328
1706,150.0
1707,1.5848479270935059
1708,0.0
1709,2.8842241764068604
1710,147.5589141845703
1711,11.179442405700684
1712,150.0
1713,150.0
1714,150.0
1715,150.0
1716,150.0
1717,0.0
1718,150.0
1719,5.266322612762451
1720,143.0762939453125
1721,0.7929807901382446
1722,150.0
1723,0.0
1724,150.0
1725,0.0
1726,2.910689353942871
1727,2.4341588020324707
1728,148.62399291992188
1729,146.82827758789062
1730,0.0
1731,148.18069458007812
1732,150.0
1733,3.7504703998565674
1734,0.0
1735,3.254530429840088
1736,150.0
1737,147.62611389160156
1738,0.0
1739,139.9693145751953
1740,147.813232421875
1741,149.31874084472656
1742,150.0
1743,1.7559870481491089
1744,0.0
1745,0.0
1746,137.90728759765625
1747,150.0
1748,0.9846497774124146
1749,2.728722095489502
1750,0.0
1751,144.48199462890625
1752,150.0
1753,0.0
1754,150.0
1755,0.0
1756,0.0
1757,149.5241241455078
1758,0.0
1759,0.0
1760,0.0
1761,150.0
1762,150.0
1763,6.158182144165039
1764,1.726089358329773
1765,0.0
1766,0.0
1767,150.0
1768,150.0
1769,150.0
1770,3.950019598007202
1771,145.71624755859375
1772,6.103707790374756
1773,150.0
1774,144.95018005371094
1775,3.843428373336792
1776,147.09567260742188
1777,0.0
1778,0.0
1779,0.11176496744155884
1780,150.0
1781,146.8712158203125
1782,7.577467441558838
1783,150.0
1784,2.382538318634033
1785,7.263335704803467
1786,0.0
1787,3.0982108116149902
1788,150.0
1789,1.8851553201675415
1790,3.7829461097717285
1791,150.0
1792,150.0
1793,150.0
1794,147.470703125
1795,3.671518087387085
1796,0.0
1797,1.1426175832748413
1798,9.790484428405762
1799,0.0
1800,139.59866333007812
1801,0.8948888778686523
1802,4.103645324707031
1803,4.903054237365723
1804,150.0
1805,150.0
1806,150.0
1807,0.0
1808,150.0
1809,150.0
1810,140.55801391601562
1811,0.0
1812,0.0
1813,0.0
1814,150.0
1815,0.0
1816,145.04046630859375
1817,0.0
1818,0.0
1819,2.4635541439056396
1820,144.0812225341797
1821,0.0
1822,150.0
1823,141.88278198242188
1824,149.86215209960938
1825,0.0
1826,0.0
1827,0.3124766945838928
1828,150.0
1829,4.176316738128662
1830,150.0
1831,9.911470413208008
1832,0.0
1833,0.0
1834,0.36520376801490784
1835,0.0
1836,150.0
1837,0.0
1838,0.0
1839,150.0
1840,0.0
1841,1.0307235717773438
1842,150.0
1843,0.0
1844,150.0
1845,0.0
1846,148.54296875
1847,150.0
1848,0.10813146829605103
1849,0.0
1850,140.72279357910156
1851,150.0
1852,150.0
1853,150.0
1854,150.0
1855,146.5737762451172
1856,0.0
1857,7.906883239746094
1858,147.39910888671875
1859,0.0
1860,1.9537218809127808
1861,0.0
1862,145.64581298828125
1863,147.5091552734375
1864,144.8224334716797
1865,150.0
1866,2.2301924228668213
1867,146.155029296875
1868,150.0
1869,6.454586029052734
1870,150.0
1871,150.0
1872,0.0
1873,150.0
1874,150.0
1875,142.47032165527344
1876,150.0
1877,150.0
1878,2.8944039344787598
1879,0.1322202831506729
1880,141.15870666503906
1881,0.0
1882,148.86428833007812
1883,144.90757751464844
1884,2.569643497467041
1885,148.66497802734375
1886,148.12728881835938
1887,150.0
1888,141.9599609375
1889,1.0171016454696655
1890,1.6756895780563354
1891,150.0
1892,148.63389587402344
1893,0.0
1894,138.82937622070312
1895,0.0
1896,150.0
1897,0.0
1898,1.650403380393982
1899,0.0
1900,4.52236795425415
1901,149.9938201904297
1902,150.0
1903,145.78372192382812
1904,0.0
1905,0.0
1906,0.0
1907,149.246826171875
1908,145.66761779785156
1909,0.0
1910,0.0
1911,140.6760711669922
1912,8.85459041595459
1913,150.0
1914,150.0
1915,0.32312560081481934
1916,142.5681915283203
1917,145.38819885253906
1918,150.0
1919,4.171981334686279
1920,147.45384216308594
1921,149.68280029296875
1922,150.0
1923,0.0
1924,1.1779831647872925
1925,4.663839340209961
1926,150.0
1927,14.720152854919434
1928,150.0
1929,150.0
1930,150.0
1931,150.0
1932,150.0
1933,0.0
1934,150.0
1935,4.667049407958984
1936,143.78041076660156
1937,0.8699355125427246
1938,150.0
1939,0.0
1940,150.0
1941,0.0
1942,3.1735687255859375
1943,3.445896863937378
1944,148.60012817382812
1945,139.70648193359375
1946,0.5965752005577087
1947,150.0
1948,150.0
1949,4.408070087432861
1950,0.0
1951,5.653144359588623
1952,150.0
1953,148.36427307128906
1954,0.0
1955,143.85845947265625
1956,150.0
1957,150.0
1958,150.0
1959,1.576462745666504
1960,1.099116563796997
1961,0.0
1962,136.7510986328125
1963,150.0
1964,0.0
1965,1.4888252019882202
1966,1.2700937986373901
1967,145.72012329101562
1968,150.0
1969,0.0
1970,150.0
1971,0.0
1972,0.0
1973,148.91268920898438
1974,0.0
1975,0.0
1976,0.0
1977,150.0
1978,149.8014373779297
1979,8.216551780700684
1980,1.8884133100509644
1981,3.1371030807495117
1982,0.0
1983,150.0
1984,150.0
1985,150.0
1986,0.0
1987,145.95729064941406
1988,8.103456497192383
1989,149.578369140625
1990,149.23902893066406
1991,2.5193662643432617
1992,150.0
1993,0.0
1994,0.0
1995,0.8828615546226501
1996,150.0
1997,144.10740661621094
1998,11.556435585021973
1999,150.0
2000,1.2419822216033936
2001,4.955094814300537
2002,0.0
2003,7.740274906158447
2004,150.0
2005,7.784236907958984
2006,2.8641743659973145
2007,150.0
2008,149.620849609375
2009,148.70904541015625
2010,148.29425048828125
2011,3.2207093238830566
2012,1.4425572156906128
2013,0.0
2014,9.728788375854492
2015,0.0
2016,138.3365936279297
2017,6.146234035491943
2018,2.492023229598999
2019,5.625082492828369
2020,150.0
2021,150.0
2022,150.0
2023,0.0
2024,150.0
2025,150.0
2026,142.66172790527344
2027,0.0
2028,0.0
2029,1.9282454252243042
2030,150.0
2031,0.0
2032,144.239990234375
2033,0.0
2034,0.8697614073753357
2035,4.53786563873291
2036,145.10494995117188
2037,0.0
2038,149.76644897460938
2039,140.95452880859375
2040,148.8869171142578
2041,0.0
2042,0.0
2043,0.0
2044,149.546630859375
2045,2.6724390983581543
2046,150.0
2047,10.259123802185059
2048,0.0
2049,0.0
2050,0.0
2051,0.0
2052,150.0
2053,0.0
2054,0.0
2055,147.83547973632812
2056,0.0
2057,0.0
2058,150.0
2059,0.0
2060,150.0
2061,0.0
2062,148.9672088623047
2063,150.0
2064,0.0
2065,0.2803228199481964
2066,138.95021057128906
2067,150.0
2068,150.0
2069,146.59339904785156
2070,150.0
2071,148.08071899414062
2072,0.0
2073,8.414377212524414
2074,148.52330017089844
2075,0.0
2076,0.5761163830757141
2077,0.1899198442697525
2078,144.38839721679688
2079,148.27877807617188
2080,147.0854034423828
2081,150.0
2082,3.62117075920105
2083,147.2415008544922
2084,150.0
2085,7.326670169830322
2086,150.0
2087,150.0
2088,0.0
2089,150.0
2090,150.0
2091,137.44300842285156
2092,150.0
2093,150.0
2094,3.2599751949310303
2095,1.208799958229065
2096,144.40016174316406
2097,0.0
2098,150.0
2099,142.29644775390625
2100,3.9417216777801514
2101,149.38580322265625
2102,150.0
2103,150.0
2104,150.0
2105,4.307504653930664
2106,6.152761459350586
2107,150.0
2108,143.27716064453125
2109,0.0
2110,140.68214416503906
2111,0.0
2112,150.0
2113,0.0
2114,0.14257897436618805
2115,1.4816241264343262
2116,1.9950945377349854
2117,150.0
2118,150.0
2119,141.21478271484375
2120,3.2794346809387207
2121,2.9402246475219727
2122,0.0
2123,150.0
2124,145.81861877441406
2125,0.0
2126,0.0
2127,139.53860473632812
2128,10.433279037475586
2129,150.0
2130,150.0
2131,0.4129728376865387
2132,141.90676879882812
2133,146.88507080078125
2134,150.0
2135,8.047682762145996
2136,146.10498046875
2137,146.7511444091797
2138,150.0
2139,2.233002185821533
2140,0.7315952181816101
2141,1.4651180505752563
2142,148.298828125
2143,6.802834987640381
2144,150.0
2145,150.0
2146,150.0
2147,147.49559020996094
2148,150.0
2149,0.0
2150,150.0
2151,0.0
2152,146.3014373779297
2153,0.39075756072998047
2154,149.8389129638672
2155,3.8917057514190674
2156,150.0
2157,0.0
2158,1.1054004430770874
2159,0.0
2160,149.37188720703125
2161,142.5386505126953
2162,0.0
2163,150.0
2164,150.0
2165,3.5130455493927
2166,0.0
2167,2.9886012077331543
2168,150.0
2169,146.7765350341797
2170,0.0
2171,143.3717498779297
2172,150.0
2173,150.0
2174,150.0
2175,3.3302807807922363
2176,0.0
2177,0.0
2178,137.29193115234375
2179,150.0
2180,0.0
2181,1.1875178813934326
2182,2.2804553508758545
2183,148.70770263671875
2184,150.0
2185,0.0
2186,150.0
2187,0.3497055172920227
2188,0.0
2189,148.2684326171875
2190,0.0
2191,0.0
2192,0.0
2193,150.0
2194,150.0
2195,4.546636581420898
2196,1.801332712173462
2197,6.919609069824219
2198,1.6537678241729736
2199,150.0
2200,150.0
2201,150.0
2202,0.0
2203,146.5318603515625
2204,6.344324588775635
2205,147.60467529296875
2206,147.1216583251953
2207,1.6534308195114136
2208,149.67971801757812
2209,0.0
2210,0.0
2211,2.4212820529937744
2212,150.0
2213,146.17799377441406
2214,5.541825771331787
2215,150.0
2216,3.0030248165130615
2217,6.5140886306762695
2218,1.3606609106063843
2219,3.013692617416382
2220,150.0
2221,11.527227401733398
2222,5.250484943389893
2223,150.0
2224,150.0
2225,150.0
2226,149.28659057617188
2227,8.244701385498047
2228,0.0
2229,0.0
2230,4.993387699127197
2231,0.7217382788658142
2232,137.24537658691406
2233,10.047480583190918
2234,0.0
2235,2.1272857189178467
2236,150.0
2237,150.0
2238,146.0785369873047
2239,0.0
2240,150.0
2241,150.0
2242,141.5719451904297
2243,0.0
2244,0.0
2245,0.0
2246,150.0
2247,0.0
2248,142.94664001464844
2249,3.1202714443206787
2250,6.744155406951904
2251,5.295719623565674
2252,145.8474578857422
2253,0.0
2254,149.34234619140625
2255,146.5535430908203
2256,150.0
2257,0.0
2258,1.072204828262329
2259,0.0
2260,149.0513916015625
2261,8.318330764770508
2262,150.0
2263,3.6853771209716797
2264,0.0
2265,0.0
2266,2.5615386962890625
2267,0.0
2268,150.0
2269,0.0
2270,0.0
2271,150.0
2272,0.0
2273,0.0
2274,150.0
2275,0.0
2276,150.0
2277,0.0
2278,147.75489807128906
2279,150.0
2280,0.0
2281,0.5452349185943604
2282,141.521240234375
2283,150.0
2284,150.0
2285,146.8650665283203
2286,150.0
2287,147.8822479248047
2288,0.0
2289,4.595655918121338
2290,146.6719207763672
2291,0.0
2292,0.0
2293,0.8932911157608032
2294,148.39340209960938
2295,150.0
2296,145.8695068359375
2297,150.0
2298,1.1109650135040283
2299,150.0
2300,150.0
2301,4.982998847961426
2302,150.0
2303,150.0
2304,1.184890866279602
2305,150.0
2306,150.0
2307,139.84689331054688
2308,150.0
2309,150.0
2310,10.021649360656738
2311,0.0
2312,149.6779022216797
2313,0.0
2314,150.0
2315,142.22434997558594
2316,8.958992958068848
2317,148.44342041015625
2318,150.0
2319,148.92030334472656
2320,148.23997497558594
2321,7.80989408493042
2322,6.2823100090026855
2323,150.0
2324,142.14659118652344
2325,0.0
2326,141.96054077148438
2327,2.910539388656616
2328,150.0
2329,0.0
2330,0.0
2331,2.580024480819702
2332,1.0998806953430176
2333,150.0
2334,149.30787658691406
2335,141.91741943359375
2336,1.41043221950531
2337,1.11740243434906
2338,0.0
2339,150.0
2340,145.7168731689453
2341,0.0
2342,0.0
2343,140.35028076171875
2344,7.874186038970947
2345,150.0
2346,150.0
2347,0.0
2348,139.25698852539062
2349,144.33779907226562
2350,150.0
2351,9.233636856079102
2352,150.0
2353,150.0
2354,148.44129943847656
2355,0.0
2356,0.4247491955757141
2357,3.380068302154541
2358,149.57635498046875
2359,5.373292446136475
2360,147.93731689453125
2361,150.0
2362,150.0
2363,145.8581085205078
2364,150.0
2365,0.0
2366,150.0
2367,0.0
2368,146.37222290039062
2369,3.1618669033050537
2370,143.18600463867188
2371,9.383116722106934
2372,150.0
2373,0.0
2374,2.0690855979919434
2375,0.0
2376,148.99293518066406
2377,148.8735809326172
2378,0.0
2379,150.0
2380,150.0
2381,8.722017288208008
2382,0.0
2383,2.951064348220825
2384,150.0
2385,148.01055908203125
2386,2.648711919784546
2387,149.0006103515625
2388,150.0
2389,150.0
2390,150.0
2391,3.345121145248413
2392,0.0
2393,0.0
2394,142.41119384765625
2395,150.0
2396,0.0
2397,0.0
2398,2.182098150253296
2399,150.0
2400,150.0
2401,0.0
2402,150.0
2403,0.0
2404,0.0
2405,148.1453857421875
2406,0.0
2407,0.0
2408,0.0
2409,150.0
2410,150.0
2411,7.325846195220947
2412,0.0
2413,4.489523410797119
2414,7.280426025390625
2415,150.0
2416,150.0
2417,150.0
2418,0.0
2419,142.38621520996094
2420,11.097314834594727
2421,150.0
2422,147.1749725341797
2423,2.334155797958374
2424,150.0
2425,0.0
2426,0.0
2427,8.526954650878906
2428,150.0
2429,148.68035888671875
2430,2.597527265548706
2431,150.0
2432,4.858326435089111
2433,6.311547756195068
2434,6.784095287322998
2435,7.278533935546875
2436,150.0
2437,10.151412010192871
2438,2.3892440795898438
2439,150.0
2440,150.0
2441,150.0
2442,148.69174194335938
2443,3.1910197734832764
2444,0.6774258017539978
2445,2.937069892883301
2446,1.2096052169799805
2447,2.3145663738250732
2448,131.535888671875
2449,5.124812126159668
2450,0.0
2451,0.13583868741989136
2452,150.0
2453,150.0
2454,147.21578979492188
2455,0.0
2456,146.54183959960938
2457,150.0
2458,145.6501007080078
2459,0.0
2460,0.0
2461,1.8079299926757812
2462,150.0
2463,0.0
2464,147.8054656982422
2465,4.729013919830322
2466,3.8236148357391357
2467,7.011144161224365
2468,141.8642578125
2469,0.0
2470,150.0
2471,144.04388427734375
2472,150.0
2473,0.0
2474,0.23455095291137695
2475,0.0
2476,150.0
2477,9.067217826843262
2478,150.0
2479,6.376321792602539
2480,0.0
2481,0.0
2482,0.045662373304367065
2483,1.1777132749557495
2484,150.0
2485,0.0
2486,0.0
2487,150.0
2488,0.0
2489,0.0
2490,150.0
2491,0.0
2492,150.0
2493,0.0
2494,145.8192596435547
2495,150.0
2496,0.0
2497,0.8838845491409302
2498,141.83016967773438
2499,148.12184143066406
2500,150.0
2501,146.04898071289062
2502,150.0
2503,150.0
2504,0.0
2505,4.394248008728027
2506,148.13600158691406
2507,0.0
2508,0.0
2509,0.0
2510,150.0
2511,150.0
2512,145.1787872314453
2513,150.0
2514,4.968268394470215
2515,150.0
2516,150.0
2517,10.455667495727539
2518,150.0
2519,150.0
2520,2.1315269470214844
2521,150.0
2522,150.0
2523,142.75531005859375
2524,150.0
2525,150.0
2526,8.724272727966309
2527,0.0
2528,149.6443328857422
2529,0.0
2530,150.0
2531,146.4293670654297
2532,7.901299476623535
2533,144.873779296875
2534,148.00718688964844
2535,150.0
2536,145.37265014648438
2537,6.452084541320801
2538,3.9037740230560303
2539,150.0
2540,143.22866821289062
2541,0.0
2542,144.66746520996094
2543,3.9022488594055176
2544,150.0
2545,0.0
2546,1.9371775388717651
2547,2.1352946758270264
2548,0.0
2549,148.82460021972656
2550,150.0
2551,145.2079620361328
2552,0.0
2553,2.176840305328369
2554,0.0
2555,150.0
2556,146.81863403320312
2557,0.0
2558,0.0
2559,145.12469482421875
2560,9.486721992492676
2561,143.12124633789062
2562,150.0
2563,0.0
2564,141.9561309814453
2565,145.89170837402344
2566,150.0
2567,8.503703117370605
2568,150.0
2569,147.505126953125
2570,147.3806915283203
2571,0.0
2572,0.0
2573,0.7398276925086975
2574,150.0
2575,3.912111282348633
2576,148.5650634765625
2577,150.0
2578,150.0
2579,141.69224548339844
2580,148.38690185546875
2581,0.0
2582,150.0
2583,0.0
2584,150.0
2585,9.152461051940918
2586,144.55520629882812
2587,7.900231838226318
2588,150.0
2589,0.0
2590,5.664939880371094
2591,0.0
2592,143.59341430664062
2593,145.43621826171875
2594,0.0
2595,150.0
2596,150.0
2597,10.863014221191406
2598,0.0
2599,8.8964204788208
2600,150.0
2601,149.4610595703125
2602,2.82147216796875
2603,150.0
2604,147.95472717285156
2605,150.0
2606,150.0
2607,3.7641828060150146
2608,0.44199544191360474
2609,0.0
2610,138.78477478027344
2611,150.0
2612,0.0
2613,3.4021453857421875
2614,6.2632365226745605
2615,150.0
2616,150.0
2617,0.0
2618,149.38507080078125
2619,0.0
2620,0.0
2621,148.00238037109375
2622,0.0
2623,0.0
2624,0.0
2625,150.0
2626,144.0296173095703
2627,10.765541076660156
2628,4.705689430236816
2629,4.663005352020264
2630,2.3646368980407715
2631,150.0
2632,150.0
2633,150.0
2634,0.0
2635,142.89744567871094
2636,11.538407325744629
2637,150.0
2638,148.19822692871094
2639,0.0
2640,150.0
2641,0.0
2642,0.0
2643,10.709188461303711
2644,150.0
2645,143.3806915283203
2646,1.5448131561279297
2647,150.0
2648,4.948912620544434
2649,2.0086398124694824
2650,3.2562642097473145
2651,5.31539249420166
2652,150.0
2653,8.988434791564941
2654,0.0
2655,150.0
2656,150.0
2657,150.0
2658,145.96994018554688
2659,3.3463661670684814
2660,0.0
2661,3.2152538299560547
2662,0.0
2663,5.076618194580078
2664,132.44058227539062
2665,6.334802627563477
2666,0.0
2667,0.0
2668,150.0
2669,150.0
2670,149.05477905273438
2671,0.06760620325803757
2672,145.9110565185547
2673,150.0
2674,149.03077697753906
2675,0.0
2676,0.0
2677,1.3174322843551636
2678,150.0
2679,0.0
2680,146.49314880371094
2681,3.8256537914276123
2682,0.0
2683,6.266262054443359
2684,142.03163146972656
2685,0.0
2686,147.05606079101562
2687,143.51206970214844
2688,150.0
2689,0.0
2690,0.5968501567840576
2691,0.0
2692,144.70066833496094
2693,4.929410457611084
2694,150.0
2695,2.0183398723602295
2696,0.0
2697,0.0
2698,0.0
2699,3.987842559814453
2700,150.0
2701,0.0
2702,0.0
2703,150.0
2704,0.0
2705,0.0
2706,150.0
2707,0.0
2708,150.0
2709,0.0
2710,150.0
2711,150.0
2712,0.0
2713,0.0
2714,142.84873962402344
2715,147.47274780273438
2716,150.0
2717,146.41702270507812
2718,150.0
2719,150.0
2720,0.0
2721,3.4440999031066895
2722,149.63587951660156
2723,0.0
2724,0.0
2725,0.0
2726,150.0
2727,150.0
2728,149.86355590820312
2729,150.0
2730,6.594550609588623
2731,150.0
2732,150.0
2733,6.643867492675781
2734,150.0
2735,150.0
2736,0.34242331981658936
2737,150.0
2738,150.0
2739,144.86412048339844
2740,150.0
2741,150.0
2742,9.097952842712402
2743,0.0
2744,149.42005920410156
2745,0.0
2746,149.55203247070312
2747,145.9469757080078
2748,12.809959411621094
2749,146.55194091796875
2750,148.48370361328125
2751,150.0
2752,142.0934600830078
2753,5.191092014312744
2754,0.0
2755,150.0
2756,150.0
2757,0.0
2758,142.33653259277344
2759,2.8389084339141846
2760,150.0
2761,0.0
2762,4.669093608856201
2763,1.6549524068832397
2764,0.0
2765,150.0
2766,149.83489990234375
2767,147.46182250976562
2768,0.5055539011955261
2769,0.0
2770,0.0
2771,146.3205108642578
2772,147.9736785888672
2773,0.0
2774,0.0
2775,147.7403564453125
2776,11.047125816345215
2777,144.0218505859375
2778,149.53317260742188
2779,0.0
2780,140.61585998535156
2781,139.42893981933594
2782,150.0
2783,12.437335014343262
2784,150.0
2785,148.39588928222656
2786,150.0
2787,0.0
2788,0.0
2789,0.24148833751678467
2790,150.0
2791,8.092432022094727
2792,150.0
2793,150.0
2794,150.0
2795,140.51023864746094
2796,149.95428466796875
2797,0.0
2798,150.0
2799,0.0
2800,150.0
2801,15.21238899230957
2802,145.93899536132812
2803,8.16750431060791
2804,146.55099487304688
2805,0.0
2806,3.9070987701416016
2807,0.0
2808,146.7801971435547
2809,144.45913696289062
2810,0.0
2811,150.0
2812,150.0
2813,0.7502031326293945
2814,0.0
2815,8.279711723327637
2816,150.0
2817,150.0
2818,5.169818878173828
2819,149.29039001464844
2820,148.08038330078125
2821,150.0
2822,146.1080780029297
2823,2.6431472301483154
2824,0.14731234312057495
2825,0.0
2826,137.85507202148438
2827,150.0
2828,0.0
2829,10.001086235046387
2830,0.7399441599845886
2831,150.0
2832,150.0
2833,0.0
2834,150.0
2835,0.0
2836,0.9302369952201843
2837,146.9069366455078
2838,0.0
2839,0.0
2840,0.16585038602352142
2841,150.0
2842,144.564208984375
2843,2.335530996322632
2844,4.114260196685791
2845,1.1710330247879028
2846,2.6724956035614014
2847,150.0
2848,150.0
2849,150.0
2850,0.0
2851,142.45498657226562
2852,8.576577186584473
2853,150.0
2854,144.2677459716797
2855,0.0
2856,150.0
2857,0.0
2858,0.0
2859,12.822491645812988
2860,150.0
2861,146.09983825683594
2862,0.8102943301200867
2863,150.0
2864,3.1790220737457275
2865,4.876373291015625
2866,1.4799164533615112
2867,0.26712566614151
2868,149.54745483398438
2869,7.57222318649292
2870,0.0
2871,150.0
2872,150.0
2873,150.0
2874,146.14517211914062
2875,1.860152244567871
2876,0.0
2877,5.130824565887451
2878,0.0
2879,0.0
2880,135.1147918701172
2881,0.0
2882,0.0
2883,0.0
2884,150.0
2885,150.0
2886,150.0
2887,0.0
2888,143.53347778320312
2889,150.0
2890,150.0
2891,0.0
2892,0.0
2893,3.990391254425049
2894,150.0
2895,0.0
2896,150.0
2897,6.421392917633057
2898,3.9421956539154053
2899,6.216787338256836
2900,140.25482177734375
2901,0.0
2902,148.70237731933594
2903,146.8716278076172
2904,150.0
2905,0.0
2906,3.3551666736602783
2907,2.113084077835083
2908,142.240966796875
2909,7.158690929412842
2910,150.0
2911,3.362621784210205
2912,0.0
2913,1.630357027053833
2914,0.0
2915,1.7055130004882812
2916,150.0
2917,0.0
2918,0.0
2919,150.0
2920,0.0
2921,0.2166587859392166
2922,150.0
2923,0.0
2924,150.0
2925,1.3959410190582275
2926,150.0
2927,150.0
2928,0.0
2929,0.0
2930,146.0245361328125
2931,143.50833129882812
2932,150.0
2933,146.91726684570312
2934,150.0
2935,150.0
2936,0.0
2937,5.212785720825195
2938,146.4379425048828
2939,0.0
2940,0.0
2941,2.291170597076416
2942,144.4417724609375
2943,150.0
2944,149.50242614746094
2945,150.0
2946,2.4268600940704346
2947,150.0
2948,146.86367797851562
2949,8.00242805480957
2950,150.0
2951,150.0
2952,0.435171514749527
2953,150.0
2954,150.0
2955,143.76222229003906
2956,150.0
2957,150.0
2958,7.584672451019287
2959,0.0
2960,149.32484436035156
2961,0.0
2962,147.2147216796875
2963,150.0
2964,11.772459983825684
2965,140.88766479492188
2966,150.0
2967,150.0
2968,142.3224639892578
2969,5.412472248077393
2970,2.1732208728790283
2971,150.0
2972,150.0
2973,0.0
2974,149.99571228027344
2975,10.16231632232666
2976,148.14886474609375
2977,0.0
2978,7.910659313201904
2979,2.924912691116333
2980,0.0
2981,149.95068359375
2982,150.0
2983,150.0
2984,0.0
2985,1.084856390953064
2986,0.0
2987,144.48226928710938
2988,147.35003662109375
2989,0.0
2990,0.0
2991,144.8295440673828
2992,9.92176342010498
2993,143.31170654296875
2994,146.53076171875
2995,0.0
2996,138.9954833984375
2997,143.613037109375
2998,150.0
2999,12.79708194732666
3000,150.0
3001,148.87936401367188
3002,150.0
3003,1.7392686605453491
3004,0.0
3005,0.0
3006,150.0
3007,11.012258529663086
3008,148.36090087890625
3009,150.0
3010,150.0
3011,143.89613342285156
3012,150.0
3013,0.035913437604904175
3014,150.0
3015,0.0
3016,146.7236785888672
3017,9.456279754638672
3018,144.89390563964844
3019,7.76778507232666
3020,150.0
3021,0.0
3022,3.0753369331359863
3023,0.0
3024,146.22113037109375
3025,144.42745971679688
3026,0.0
3027,150.0
3028,150.0
3029,2.8883473873138428
3030,0.0
3031,4.049042224884033
3032,150.0
3033,150.0
3034,1.0209470987319946
3035,144.88377380371094
3036,148.91876220703125
3037,150.0
3038,142.7974090576172
3039,0.2051619589328766
3040,0.37955647706985474
3041,0.0
3042,139.2444305419922
3043,150.0
3044,4.504113674163818
3045,11.707758903503418
3046,3.308706283569336
3047,150.0
3048,150.0
3049,0.0
3050,149.57855224609375
3051,0.0
3052,0.0
3053,143.48052978515625
3054,0.9506027102470398
3055,0.0
3056,0.0
3057,150.0
3058,144.15675354003906
3059,4.066375255584717
3060,0.5314135551452637
3061,0.0
3062,0.0
3063,150.0
3064,149.93714904785156
3065,149.00314331054688
3066,0.0
3067,145.26666259765625
3068,5.237594127655029
3069,150.0
3070,148.7498321533203
3071,0.0
3072,150.0
3073,3.3219993114471436
3074,0.0
3075,12.57845687866211
3076,150.0
3077,146.81381225585938
3078,0.0
3079,150.0
3080,3.2809364795684814
3081,7.791108131408691
3082,0.46001148223876953
3083,0.0
3084,150.0
3085,7.584537029266357
3086,1.8807770013809204
3087,150.0
3088,149.24993896484375
3089,150.0
3090,144.57691955566406
3091,0.7981091737747192
3092,0.0
3093,3.8117828369140625
3094,3.194784164428711
3095,0.02047799527645111
3096,137.31185913085938
3097,3.7280595302581787
3098,0.0
3099,0.0
3100,150.0
3101,150.0
3102,150.0
3103,3.1478285789489746
3104,146.1747589111328
3105,150.0
3106,150.0
3107,0.0
3108,0.0
3109,0.0
3110,150.0
3111,0.0
3112,150.0
3113,4.3954758644104
3114,5.804555892944336
3115,6.795314311981201
3116,145.35809326171875
3117,0.0
3118,145.41000366210938
3119,144.93862915039062
3120,150.0
3121,0.0
3122,2.7792749404907227
3123,0.8180710673332214
3124,141.4069061279297
3125,2.4750397205352783
3126,150.0
3127,1.6488384008407593
3128,0.0
3129,2.564354419708252
3130,4.58925724029541
3131,2.904182195663452
3132,149.5248565673828
3133,0.0
3134,0.0
3135,150.0
3136,0.0
3137,2.0735723972320557
3138,150.0
3139,0.0
3140,150.0
3141,0.0
3142,150.0
3143,150.0
3144,0.0
3145,0.0
3146,150.0
3147,138.9086456298828
3148,150.0
3149,149.4112548828125
3150,150.0
3151,149.07005310058594
3152,0.0
3153,9.706064224243164
3154,144.04551696777344
3155,0.0
3156,0.0
3157,0.0
3158,149.3715362548828
3159,150.0
3160,149.4355926513672
3161,150.0
3162,0.0
3163,150.0
3164,147.42283630371094
3165,9.606127738952637
3166,150.0
3167,150.0
3168,0.0
3169,150.0
3170,150.0
3171,142.4198760986328
3172,150.0
3173,150.0
3174,9.459227561950684
3175,0.3359815776348114
3176,144.66822814941406
3177,0.0
3178,150.0
3179,149.7379913330078
3180,10.47107982635498
3181,141.89828491210938
3182,148.98231506347656
3183,150.0
3184,148.8011016845703
3185,1.50117826461792
3186,0.0
3187,150.0
3188,150.0
3189,0.0
3190,150.0
3191,9.907792091369629
3192,149.42013549804688
3193,0.0
3194,0.999951183795929
3195,1.7859630584716797
3196,0.0
3197,150.0
3198,150.0
3199,150.0
3200,4.942224025726318
3201,0.6936510801315308
3202,0.0
3203,138.01234436035156
3204,140.79751586914062
3205,0.0
3206,0.7861880660057068
3207,146.74423217773438
3208,8.725095748901367
3209,144.46456909179688
3210,146.761962890625
3211,0.0
3212,139.48764038085938
3213,148.5377197265625
3214,150.0
3215,8.499727249145508
3216,150.0
3217,145.78530883789062
3218,150.0
3219,1.3363896608352661
3220,0.0
3221,1.003833293914795
3222,150.0
3223,8.854857444763184
3224,146.23780822753906
3225,150.0
3226,150.0
3227,144.14895629882812
3228,148.02491760253906
3229,0.0
3230,150.0
3231,0.0
3232,146.93594360351562
3233,8.070422172546387
3234,143.41046142578125
3235,9.495996475219727
3236,150.0
3237,0.0
3238,2.8954265117645264
3239,0.0
3240,146.44766235351562
3241,146.18968200683594
3242,0.0
3243,150.0
3244,150.0
3245,2.6971752643585205
3246,0.0
3247,0.0
3248,150.0
3249,150.0
3250,1.4671889543533325
3251,143.86502075195312
3252,150.0
3253,150.0
3254,139.806396484375
3255,0.0
3256,0.5889663696289062
3257,0.0
3258,135.09201049804688
3259,150.0
3260,7.723910808563232
3261,16.314485549926758
3262,2.741966485977173
3263,148.440185546875
3264,150.0
3265,0.0
3266,146.48574829101562
3267,0.0
3268,0.0
3269,143.49766540527344
3270,3.837956666946411
3271,0.0
3272,0.0
3273,150.0
3274,144.2086181640625
3275,2.8376355171203613
3276,4.0062479972839355
3277,2.295029401779175
3278,0.0
3279,150.0
3280,144.13502502441406
3281,147.28799438476562
3282,0.0
3283,143.39144897460938
3284,3.7399260997772217
3285,150.0
3286,147.1120147705078
3287,0.0
3288,149.944091796875
3289,5.81999397277832
3290,0.0
3291,11.860367774963379
3292,150.0
3293,146.2618408203125
3294,0.0
3295,150.0
3296,2.4675135612487793
3297,7.078736305236816
3298,1.428835391998291
3299,0.0
3300,150.0
3301,6.100636959075928
3302,0.0
3303,150.0
3304,148.64295959472656
3305,149.5941925048828
3306,146.35728454589844
3307,0.0
3308,0.0
3309,5.906235218048096
3310,2.8435018062591553
3311,0.19268584251403809
3312,136.99493408203125
3313,0.0
3314,1.8085578680038452
3315,0.5893778800964355
3316,150.0
3317,150.0
3318,150.0
3319,1.3744087219238281
3320,147.0316619873047
3321,149.20791625976562
3322,146.02212524414062
3323,0.0
3324,0.0
3325,0.0
3326,150.0
3327,0.0
3328,150.0
3329,2.922849416732788
3330,10.41549015045166
3331,7.578586578369141
3332,142.65203857421875
3333,3.796354293823242
3334,146.42555236816406
3335,149.06591796875
3336,147.4723358154297
3337,0.0
3338,0.8568450808525085
3339,6.2762227058410645
3340,142.53878784179688
3341,1.7282081842422485
3342,150.0
3343,0.0
3344,0.0
3345,2.107881784439087
3346,0.3010064363479614
3347,0.03815174102783203
3348,148.86398315429688
3349,0.0
3350,3.5327045917510986
3351,148.36459350585938
3352,0.0
3353,0.0
3354,150.0
3355,0.0
3356,150.0
3357,0.0
3358,150.0
3359,150.0
3360,0.0
3361,0.0
3362,150.0
3363,140.81716918945312
3364,150.0
3365,150.0
3366,150.0
3367,150.0
3368,0.00949770212173462
3369,7.604624271392822
3370,141.92822265625
3371,0.0
3372,0.0
3373,4.108257293701172
3374,149.2715606689453
3375,150.0
3376,149.35691833496094
3377,150.0
3378,0.0
3379,150.0
3380,148.11122131347656
3381,7.402212619781494
3382,149.16615295410156
3383,150.0
3384,0.0
3385,150.0
3386,150.0
3387,141.71885681152344
3388,150.0
3389,150.0
3390,11.063034057617188
3391,3.6940925121307373
3392,146.40380859375
3393,0.0
3394,146.8891143798828
3395,150.0
3396,4.869819164276123
3397,139.43850708007812
3398,149.2449493408203
3399,146.77088928222656
3400,150.0
3401,0.0
3402,2.729249954223633
3403,150.0
3404,149.76553344726562
3405,0.0
3406,150.0
3407,10.70584487915039
3408,150.0
3409,0.0
3410,0.0
3411,0.5179258584976196
3412,0.0
3413,144.89483642578125
3414,150.0
3415,150.0
3416,4.975988388061523
3417,6.191254615783691
3418,0.0
3419,136.9418182373047
3420,147.2721710205078
3421,0.0
3422,0.0
3423,146.41282653808594
3424,5.16192626953125
3425,141.59315490722656
3426,150.0
3427,0.0
3428,136.99586486816406
3429,150.0
3430,150.0
3431,11.169054985046387
3432,150.0
3433,150.0
3434,150.0
3435,0.0
3436,0.0
3437,0.0
3438,150.0
3439,8.421150207519531
3440,150.0
3441,144.53271484375
3442,150.0
3443,140.628662109375
3444,144.69464111328125
3445,0.0
3446,150.0
3447,0.0
3448,146.5711212158203
3449,10.95565414428711
3450,143.82984924316406
3451,9.21314525604248
3452,150.0
3453,0.0
3454,3.5587799549102783
3455,1.2544995546340942
3456,149.28990173339844
3457,150.0
3458,0.0
3459,150.0
3460,150.0
3461,3.5685067176818848
3462,0.0
3463,6.9477128982543945
3464,150.0
3465,150.0
3466,2.188969612121582
3467,144.60626220703125
3468,150.0
3469,149.92288208007812
3470,141.15396118164062
3471,0.0
3472,0.8483506441116333
3473,3.1218531131744385
3474,138.52734375
3475,150.0
3476,5.604124546051025
3477,9.974852561950684
3478,4.433839321136475
3479,148.28659057617188
3480,150.0
3481,0.0
3482,148.48928833007812
3483,0.0
3484,0.0
3485,145.3605194091797
3486,0.0
3487,0.0
3488,0.0
3489,150.0
3490,147.14178466796875
3491,2.933539390563965
3492,0.4342203736305237
3493,1.7925360202789307
3494,0.0
3495,150.0
3496,144.10240173339844
3497,144.91082763671875
3498,0.0
3499,141.83505249023438
3500,6.634054660797119
3501,150.0
3502,147.76698303222656
3503,0.0
3504,150.0
3505,4.199008464813232
3506,0.0
3507,8.216230392456055
3508,150.0
3509,146.84170532226562
3510,0.0
3511,150.0
3512,1.7810258865356445
3513,5.345093727111816
3514,0.0
3515,0.0
3516,150.0
3517,5.3580641746521
3518,0.0
3519,150.0
3520,145.21676635742188
3521,150.0
3522,147.98724365234375
3523,0.0
3524,0.0
3525,1.0550634860992432
3526,5.157313823699951
3527,0.0
3528,141.0555419921875
3529,0.0
3530,2.21345591545105
3531,0.0
3532,150.0
3533,150.0
3534,150.0
3535,3.559218645095825
3536,150.0
3537,150.0
3538,142.81634521484375
3539,0.0
3540,0.0
3541,0.0
3542,148.9322509765625
3543,0.0
3544,148.80564880371094
3545,0.0
3546,7.980149269104004
3547,9.578324317932129
3548,148.34312438964844
3549,4.9393086433410645
3550,146.05079650878906
3551,150.0
3552,150.0
3553,0.0
3554,0.0
3555,3.3170554637908936
3556,142.61146545410156
3557,5.352036952972412
3558,150.0
3559,0.0
3560,0.0
3561,7.037503719329834
3562,3.2438762187957764
3563,0.0
3564,143.8834991455078
3565,0.13459907472133636
3566,0.5299884080886841
3567,150.0
3568,0.0
3569,1.3856862783432007
3570,150.0
3571,3.754688024520874
3572,150.0
3573,0.0
3574,150.0
3575,149.00930786132812
3576,0.0
3577,0.0
3578,150.0
3579,139.09432983398438
3580,150.0
3581,149.37457275390625
3582,150.0
3583,150.0
3584,4.287658214569092
3585,4.0638747215271
3586,145.60845947265625
3587,0.0
3588,0.0
3589,3.4965591430664062
3590,148.8126220703125
3591,150.0
3592,150.0
3593,150.0
3594,2.8341569900512695
3595,150.0
3596,150.0
3597,8.254009246826172
3598,146.46298217773438
3599,150.0
3600,1.8300222158432007
3601,150.0
3602,150.0
3603,145.27975463867188
3604,150.0
3605,150.0
3606,6.7652907371521
3607,8.507380485534668
3608,147.6186981201172
3609,0.0
3610,146.1504669189453
3611,150.0
3612,9.438066482543945
3613,143.5502471923828
3614,147.25929260253906
3615,147.868896484375
3616,150.0
3617,0.0
3618,2.785447597503662
3619,150.0
3620,148.23345947265625
3621,0.0
3622,150.0
3623,11.233080863952637
3624,150.0
3625,0.0
3626,5.5788702964782715
3627,0.0
3628,0.0
3629,144.6689910888672
3630,150.0
3631,150.0
3632,4.206507205963135
3633,1.5911502838134766
3634,0.0
3635,135.94741821289062
3636,150.0
3637,0.0
3638,0.4930783212184906
3639,147.21405029296875
3640,6.01155424118042
3641,141.11737060546875
3642,150.0
3643,2.5057005882263184
3644,140.20468139648438
3645,150.0
3646,150.0
3647,4.67234992980957
3648,150.0
3649,150.0
3650,150.0
3651,0.0
3652,0.0
3653,0.0
3654,150.0
3655,5.673508167266846
3656,150.0
3657,146.0338897705078
3658,150.0
3659,145.32867431640625
3660,143.37852478027344
3661,0.0
3662,150.0
3663,0.0
3664,141.62490844726562
3665,11.3382568359375
3666,146.01805114746094
3667,10.967192649841309
3668,150.0
3669,0.0
3670,8.917502403259277
3671,1.6271848678588867
3672,148.92062377929688
3673,150.0
3674,0.0
3675,150.0
3676,150.0
3677,2.629315137863159
3678,0.0
3679,6.25331974029541
3680,150.0
3681,149.57431030273438
3682,0.0
3683,141.22898864746094
3684,150.0
3685,149.1273193359375
3686,140.3664093017578
3687,0.3956635892391205
3688,1.1664403676986694
3689,4.521274089813232
3690,140.5478057861328
3691,150.0
3692,2.5670363903045654
3693,3.787649154663086
3694,0.0
3695,146.67620849609375
3696,150.0
3697,0.0
3698,145.15345764160156
3699,0.09619563817977905
3700,0.0
3701,148.27696228027344
3702,4.354089260101318
3703,1.7199029922485352
3704,0.0
3705,150.0
3706,150.0
3707,7.139249324798584
3708,0.0
3709,0.0
3710,0.13190388679504395
3711,150.0
3712,141.18093872070312
3713,149.14608764648438
3714,0.0
3715,141.97999572753906
3716,2.63618540763855
3717,150.0
3718,147.50819396972656
3719,0.1844262331724167
3720,150.0
3721,6.280662536621094
3722,0.0
3723,1.8514225482940674
3724,150.0
3725,145.52455139160156
3726,0.0
3727,150.0
3728,0.0
3729,6.8955254554748535
3730,0.0
3731,0.0
3732,150.0
3733,10.646113395690918
3734,0.0
3735,150.0
3736,148.43374633789062
3737,148.91928100585938
3738,148.81124877929688
3739,0.13034753501415253
3740,2.6233673095703125
3741,0.528653085231781
3742,2.010877847671509
3743,0.0
3744,150.0
3745,4.607964515686035
3746,7.481886386871338
3747,0.0
3748,150.0
3749,150.0
3750,150.0
3751,4.973991394042969
3752,149.1922149658203
3753,150.0
3754,145.84446716308594
3755,0.9692347645759583
3756,0.0
3757,0.0
3758,149.74972534179688
3759,1.7006152868270874
3760,149.9070281982422
3761,1.571018099784851
3762,4.689464092254639
3763,10.451096534729004
3764,149.5395965576172
3765,5.561264514923096
3766,141.00303649902344
3767,150.0
3768,149.04457092285156
3769,0.0
3770,1.4715899229049683
3771,7.154585361480713
3772,140.8704833984375
3773,0.0
3774,150.0
3775,0.0
3776,0.0
3777,4.16445255279541
3778,6.042141914367676
3779,0.0
3780,140.1418914794922
3781,4.747598648071289
3782,0.0
3783,150.0
3784,0.0
3785,0.3042948246002197
3786,147.25308227539062
3787,2.90912127494812
3788,150.0
3789,0.0
3790,150.0
3791,149.94984436035156
3792,0.0
3793,0.0
3794,148.05841064453125
3795,145.3318328857422
3796,150.0
3797,150.0
3798,150.0
3799,150.0
3800,3.452340841293335
3801,0.04825964570045471
3802,146.99110412597656
3803,0.0
3804,0.0
3805,0.26033613085746765
3806,148.240478515625
3807,150.0
3808,150.0
3809,149.42623901367188
3810,1.7939789295196533
3811,150.0
3812,150.0
3813,12.890103340148926
3814,150.0
3815,150.0
3816,0.0
3817,150.0
3818,150.0
3819,149.5085906982422
3820,150.0
3821,150.0
3822,1.7434828281402588
3823,2.7362563610076904
3824,150.0
3825,0.0
3826,146.88877868652344
3827,148.25296020507812
3828,7.003948211669922
3829,143.17848205566406
3830,144.45550537109375
3831,145.41336059570312
3832,150.0
3833,0.80299311876297
3834,3.20280385017395
3835,150.0
3836,147.77183532714844
3837,0.0
3838,149.6282501220703
3839,8.942533493041992
3840,150.0
3841,0.0
3842,2.0522310733795166
3843,0.0
3844,0.0
3845,148.22262573242188
3846,150.0
3847,150.0
3848,1.545831561088562
3849,0.0
3850,0.0
3851,136.5040740966797
3852,148.9064483642578
3853,0.0
3854,3.244417667388916
3855,148.39364624023438
3856,5.262739181518555
3857,142.8876495361328
3858,150.0
3859,4.570763111114502
3860,139.5634307861328
3861,149.9871368408203
3862,150.0
3863,0.0
3864,150.0
3865,150.0
3866,150.0
3867,0.0
3868,0.0
3869,0.0
3870,150.0
3871,1.8944915533065796
3872,148.86239624023438
3873,147.51329040527344
3874,150.0
3875,144.9738006591797
3876,146.26956176757812
3877,0.0
3878,150.0
3879,0.0
3880,142.33006286621094
3881,11.016863822937012
3882,146.4628143310547
3883,8.765423774719238
3884,150.0
3885,0.0
3886,8.690449714660645
3887,0.0
3888,150.0
3889,150.0
3890,0.0
3891,150.0
3892,148.9009246826172
3893,5.682936668395996
3894,0.0
3895,9.837959289550781
3896,150.0
3897,147.38258361816406
3898,0.0
3899,144.9595489501953
3900,146.8739471435547
3901,150.0
3902,143.36032104492188
3903,7.811359405517578
3904,0.0
3905,5.214527130126953
3906,143.20315551757812
3907,150.0
3908,4.087213039398193
3909,2.6558773517608643
3910,0.0
3911,148.80816650390625
3912,150.0
3913,0.0
3914,149.79702758789062
3915,0.0
3916,0.0
3917,147.0189666748047
3918,2.516995429992676
3919,3.509448289871216
3920,0.0
3921,150.0
3922,150.0
3923,6.63970422744751
3924,1.8081039190292358
3925,0.0
3926,0.22991840541362762
3927,150.0
3928,145.43919372558594
3929,147.61898803710938
3930,0.0
3931,145.4674072265625
3932,0.0
3933,148.53643798828125
3934,149.61221313476562
3935,0.0
3936,150.0
3937,1.209457278251648
3938,0.6121938824653625
3939,0.0
3940,150.0
3941,142.03610229492188
3942,0.0
3943,150.0
3944,0.0
3945,5.07045316696167
3946,0.0
3947,0.0
3948,150.0
3949,10.109704971313477
3950,0.0
3951,150.0
3952,143.6898956298828
3953,150.0
3954,149.54476928710938
3955,0.0
3956,4.4057488441467285
3957,0.0
3958,0.0
3959,3.927464246749878
3960,150.0
3961,0.8378434181213379
3962,3.3710968494415283
3963,0.0
3964,150.0
3965,150.0
3966,150.0
3967,5.696375370025635
3968,150.0
3969,149.9507598876953
3970,148.84552001953125
3971,0.0
3972,0.0
3973,0.0
3974,150.0
3975,0.0
3976,148.4186248779297
3977,5.309340953826904
3978,1.3380948305130005
3979,13.821863174438477
3980,146.4500274658203
3981,6.738750457763672
3982,146.28814697265625
3983,150.0
3984,148.5836181640625
3985,0.0
3986,4.921904563903809
3987,4.275470733642578
3988,143.7855224609375
3989,0.0
3990,150.0
3991,0.0
3992,0.6976103782653809
3993,1.809224009513855
3994,7.371833801269531
3995,0.0
3996,139.2125701904297
3997,3.5222606658935547
3998,0.0
3999,149.68898010253906
4000,0.0
4001,0.0
4002,148.14813232421875
4003,0.12456715106964111
4004,150.0
4005,0.0
4006,149.1444854736328
4007,150.0
4008,0.0
4009,0.0
4010,146.6979217529297
4011,150.0
4012,150.0
4013,150.0
4014,150.0
4015,150.0
4016,1.0477890968322754
4017,0.0
4018,146.6223907470703
4019,0.0
4020,0.0
4021,0.0
4022,150.0
4023,150.0
4024,150.0
4025,150.0
4026,3.7401649951934814
4027,150.0
4028,150.0
4029,7.4617180824279785
4030,150.0
4031,150.0
4032,0.0
4033,149.5894775390625
4034,150.0
4035,143.2166748046875
4036,150.0
4037,150.0
4038,6.539651393890381
4039,0.24454548954963684
4040,150.0
4041,0.0
4042,150.0
4043,150.0
4044,6.9369072914123535
4045,147.89529418945312
4046,149.58888244628906
4047,147.7595977783203
4048,149.82379150390625
4049,0.0
4050,4.524099349975586
4051,149.19410705566406
4052,146.21807861328125
4053,0.0
4054,146.1192626953125
4055,3.839740514755249
4056,144.8092803955078
4057,0.0
4058,3.150161027908325
4059,2.211348295211792
4060,0.0
4061,145.23866271972656
4062,150.0
4063,150.0
4064,1.1728031635284424
4065,0.5476199388504028
4066,3.7862179279327393
4067,147.4647674560547
4068,147.65695190429688
4069,0.0
4070,9.176146507263184
4071,150.0
4072,1.120808482170105
4073,138.7375946044922
4074,150.0
4075,6.407258033752441
4076,137.78988647460938
4077,147.3092498779297
4078,150.0
4079,0.0
4080,150.0
4081,150.0
4082,150.0
4083,0.0
4084,0.0
4085,0.0
4086,150.0
4087,4.428971767425537
4088,149.57115173339844
4089,144.60360717773438
4090,150.0
4091,146.37884521484375
4092,142.60055541992188
4093,0.0
4094,150.0
4095,0.0
4096,143.52162170410156
4097,13.931543350219727
4098,146.50503540039062
4099,5.317679405212402
4100,150.0
4101,0.0
4102,10.65103816986084
4103,0.0
4104,150.0
4105,150.0
4106,0.0
4107,150.0
4108,143.5280303955078
4109,4.857541561126709
4110,0.0
4111,5.277862071990967
4112,150.0
4113,150.0
4114,0.0
4115,140.24087524414062
4116,149.0139617919922
4117,150.0
4118,143.39227294921875
4119,5.187078952789307
4120,0.0
4121,3.652946949005127
4122,139.76614379882812
4123,147.73745727539062
4124,5.2420878410339355
4125,4.255879878997803
4126,0.3472563326358795
4127,142.7256622314453
4128,150.0
4129,0.0
4130,150.0
4131,0.0
4132,0.0
4133,140.95745849609375
4134,0.0
4135,1.5624171495437622
4136,3.6154885292053223
4137,147.47430419921875
4138,148.92373657226562
4139,4.683736324310303
4140,2.469062566757202
4141,1.8668135404586792
4142,3.382774829864502
4143,150.0
4144,148.80154418945312
4145,149.1981658935547
4146,0.0
4147,148.35935974121094
4148,0.703473687171936
4149,150.0
4150,150.0
4151,0.0
4152,150.0
4153,0.9979856610298157
4154,0.0
4155,0.0
4156,150.0
4157,146.8086395263672
4158,0.0
4159,150.0
4160,0.0
4161,5.944373607635498
4162,2.867370367050171
4163,0.0
4164,150.0
4165,5.958675384521484
4166,0.0
4167,150.0
4168,140.84918212890625
4169,150.0
4170,149.61192321777344
4171,0.0
4172,3.5758228302001953
4173,5.594757080078125
4174,0.0
4175,5.464831352233887
4176,150.0
4177,4.876298427581787
4178,3.945728063583374
4179,2.711639642715454
4180,150.0
4181,150.0
4182,150.0
4183,6.845089912414551
4184,150.0
4185,150.0
4186,146.89682006835938
4187,2.894477605819702
4188,0.0
4189,0.0
4190,150.0
4191,1.164405107498169
4192,149.9915008544922
4193,2.1907858848571777
4194,0.0
4195,11.172722816467285
4196,147.9861602783203
4197,0.0
4198,149.78549194335938
4199,147.39356994628906
4200,150.0
4201,0.0
4202,5.058760166168213
4203,0.0
4204,144.586181640625
4205,0.0
4206,150.0
4207,0.49779564142227173
4208,1.8866420984268188
4209,4.874484539031982
4210,7.364494323730469
4211,0.0
4212,139.63734436035156
4213,0.7505082488059998
4214,0.0
4215,145.16122436523438
4216,0.0
4217,1.9084129333496094
4218,146.1519317626953
4219,0.0
4220,150.0
4221,0.0
4222,147.34576416015625
4223,150.0
4224,0.0
4225,0.0
4226,148.61947631835938
4227,145.45401000976562
4228,149.1494140625
4229,150.0
4230,150.0
4231,150.0
4232,0.0
4233,0.5223038792610168
4234,147.08872985839844
4235,0.0
4236,0.0
4237,0.0
4238,150.0
4239,150.0
4240,147.80596923828125
4241,150.0
4242,6.19630241394043
4243,150.0
4244,146.95802307128906
4245,0.0
4246,150.0
4247,150.0
4248,0.0
4249,148.8474884033203
4250,150.0
4251,142.67193603515625
4252,150.0
4253,150.0
4254,6.559908390045166
4255,0.0
4256,150.0
4257,0.0
4258,150.0
4259,150.0
4260,6.860949993133545
4261,150.0
4262,146.7593536376953
4263,143.7471923828125
4264,146.4443359375
4265,1.251739263534546
4266,1.767475962638855
4267,147.0756072998047
4268,146.54348754882812
4269,0.0
4270,146.72679138183594
4271,2.5106287002563477
4272,137.46217346191406
4273,6.927798748016357
4274,8.392409324645996
4275,0.0
4276,0.0
4277,146.86175537109375
4278,150.0
4279,150.0
4280,5.547768592834473
4281,0.0
4282,3.019364595413208
4283,149.67697143554688
4284,150.0
4285,0.0
4286,9.485279083251953
4287,149.41067504882812
4288,1.9831222295761108
4289,136.24989318847656
4290,150.0
4291,6.260478496551514
4292,134.588134765625
4293,145.39170837402344
4294,150.0
4295,0.0
4296,150.0
4297,150.0
4298,150.0
4299,4.0422892570495605
4300,0.0
4301,0.0
4302,150.0
4303,0.0
4304,146.7509307861328
4305,147.76011657714844
4306,150.0
4307,146.09268188476562
4308,146.89364624023438
4309,0.0
4310,150.0
4311,0.0
4312,135.1607666015625
4313,14.657872200012207
4314,145.89053344726562
4315,2.2840068340301514
4316,150.0
4317,0.0
4318,13.222198486328125
4319,0.0
4320,148.4640350341797
4321,150.0
4322,1.2828930616378784
4323,150.0
4324,141.1327667236328
4325,6.880533695220947
4326,0.0
4327,5.582998752593994
4328,150.0
4329,150.0
4330,0.0
4331,139.58966064453125
4332,150.0
4333,150.0
4334,150.0
4335,4.6404032707214355
4336,0.0
4337,2.1835238933563232
4338,141.37193298339844
4339,149.36412048339844
4340,5.2518181800842285
4341,2.9911508560180664
4342,4.065368175506592
4343,145.49192810058594
4344,150.0
4345,0.0
4346,150.0
4347,0.0
4348,0.0
4349,140.9708709716797
4350,0.0
4351,1.9725220203399658
4352,7.2800116539001465
4353,150.0
4354,150.0
4355,7.407442569732666
4356,6.467108249664307
4357,0.8652938008308411
4358,4.408019542694092
4359,150.0
4360,150.0
4361,143.12405395507812
4362,0.0
4363,150.0
4364,0.0
4365,150.0
4366,150.0
4367,0.0
4368,150.0
4369,0.0
4370,0.0
4371,0.0
4372,150.0
4373,148.7782440185547
4374,0.0
4375,150.0
4376,1.2232621908187866
4377,6.505215644836426
4378,0.0
4379,0.0
4380,150.0
4381,7.047617435455322
4382,0.0
4383,149.58975219726562
4384,142.41366577148438
4385,150.0
4386,150.0
4387,1.3995413780212402
4388,4.750893592834473
4389,9.680763244628906
4390,0.0
4391,8.145634651184082
4392,150.0
4393,2.7235219478607178
4394,3.0040178298950195
4395,0.0
4396,149.6606903076172
4397,150.0
4398,150.0
4399,6.9185004234313965
4400,150.0
4401,150.0
4402,150.0
4403,8.995905876159668
4404,0.0
4405,2.168294668197632
4406,150.0
4407,0.0
4408,150.0
4409,5.816596508026123
4410,0.0
4411,13.091830253601074
4412,148.2935333251953
4413,0.0
4414,150.0
4415,145.1854705810547
4416,150.0
4417,0.0
4418,0.0
4419,0.0
4420,146.32965087890625
4421,0.0
4422,149.35972595214844
4423,0.0
4424,5.874800205230713
4425,0.44926419854164124
4426,8.431706428527832
4427,0.0
4428,142.8177947998047
4429,0.0
4430,0.0
4431,150.0
4432,0.0
4433,0.0
4434,143.8341064453125
4435,0.0
4436,150.0
4437,0.0
4438,141.6416778564453
4439,150.0
4440,0.0
4441,0.0
4442,148.4765167236328
4443,146.7770538330078
4444,147.89183044433594
4445,150.0
4446,150.0
4447,150.0
4448,3.522146224975586
4449,2.616114377975464
4450,144.68936157226562
4451,5.134171009063721
4452,0.0
4453,0.0
4454,150.0
4455,149.42274475097656
4456,147.53598022460938
4457,150.0
4458,4.709529876708984
4459,150.0
4460,144.7133026123047
4461,2.638110399246216
4462,150.0
4463,150.0
4464,0.0
4465,144.3778533935547
4466,150.0
4467,144.14126586914062
4468,147.58880615234375
4469,150.0
4470,3.7288765907287598
4471,1.9772529602050781
4472,150.0
4473,2.3857223987579346
4474,150.0
4475,150.0
4476,6.435298442840576
4477,150.0
4478,149.61155700683594
4479,148.4739990234375
4480,150.0
4481,2.2437732219696045
4482,1.7655967473983765
4483,145.84579467773438
4484,150.0
4485,0.0
4486,150.0
4487,2.773602247238159
4488,140.82098388671875
4489,7.952517032623291
4490,8.184619903564453
4491,0.7632871866226196
4492,0.0
4493,150.0
4494,150.0
4495,150.0
4496,7.415130138397217
4497,0.0
4498,6.419445991516113
4499,150.0
4500,150.0
4501,0.0
4502,14.64240550994873
4503,150.0
4504,0.0
4505,140.8794708251953
4506,150.0
4507,4.244507789611816
4508,139.41217041015625
4509,145.6075439453125
4510,150.0
4511,0.0
4512,149.45849609375
4513,149.71524047851562
4514,150.0
4515,2.075176954269409
4516,0.0
4517,0.0
4518,150.0
4519,0.0
4520,148.8854217529297
4521,150.0
4522,150.0
4523,150.0
4524,148.39901733398438
4525,0.0
4526,150.0
4527,1.1794960498809814
4528,135.4816436767578
4529,15.905146598815918
4530,147.58642578125
4531,0.0
4532,150.0
4533,0.0
4534,6.15626859664917
4535,0.0
4536,148.81031799316406
4537,150.0
4538,1.268914818763733
4539,148.27403259277344
4540,144.3118438720703
4541,9.034012794494629
4542,0.0
4543,7.847512245178223
4544,150.0
4545,150.0
4546,0.0
4547,146.8779754638672
4548,149.41278076171875
4549,150.0
4550,150.0
4551,6.8892436027526855
4552,0.48986726999282837
4553,3.218428134918213
4554,142.69178771972656
4555,150.0
4556,6.820846080780029
4557,0.0
4558,9.672924041748047
4559,148.4210968017578
4560,150.0
4561,0.0
4562,150.0
4563,0.0
4564,0.0
4565,142.87734985351562
4566,0.0
4567,1.3223484754562378
4568,3.9835574626922607
4569,150.0
4570,150.0
4571,3.698951005935669
4572,3.8864192962646484
4573,1.0662014484405518
4574,6.293099880218506
4575,150.0
4576,150.0
4577,137.81739807128906
4578,0.0
4579,149.2273406982422
4580,0.0
4581,150.0
4582,150.0
4583,0.0
4584,150.0
4585,2.541553497314453
4586,0.0
4587,2.2668569087982178
4588,150.0
4589,148.9582061767578
4590,0.0
4591,150.0
4592,2.4795584678649902
4593,10.778094291687012
4594,0.0
4595,0.0
4596,150.0
4597,0.8899847269058228
4598,1.1068127155303955
4599,144.13478088378906
4600,144.99111938476562
4601,150.0
4602,150.0
4603,1.7619640827178955
4604,8.300457000732422
4605,8.712709426879883
4606,0.4724105894565582
4607,16.446147918701172
4608,150.0
4609,4.0687079429626465
4610,6.986037731170654
4611,0.0
4612,148.59036254882812
4613,150.0
4614,150.0
4615,0.8755320906639099
4616,150.0
4617,147.2209930419922
4618,150.0
4619,9.337308883666992
4620,0.0
4621,9.327253341674805
4622,150.0
4623,0.0
4624,150.0
4625,7.963423252105713
4626,0.0
4627,16.139549255371094
4628,149.95538330078125
4629,0.0
4630,150.0
4631,145.52334594726562
4632,150.0
4633,0.0
4634,0.0
4635,1.5867631435394287
4636,144.0238037109375
4637,0.0
4638,146.06336975097656
4639,0.0
4640,7.649456977844238
4641,3.626481771469116
4642,12.617802619934082
4643,0.0
4644,143.13302612304688
4645,0.0
4646,0.0
4647,150.0
4648,0.0
4649,0.0
4650,148.12806701660156
4651,0.0
4652,150.0
4653,0.0
4654,145.224365234375
4655,144.53250122070312
4656,0.0
4657,0.0
4658,150.0
4659,143.74307250976562
4660,149.68798828125
4661,150.0
4662,150.0
4663,150.0
4664,4.307010173797607
4665,1.5034607648849487
4666,139.8163299560547
4667,6.059386730194092
4668,0.0
4669,0.0
4670,150.0
4671,140.71340942382812
4672,148.3513641357422
4673,150.0
4674,4.663337707519531
4675,150.0
4676,144.5645294189453
4677,2.317814588546753
4678,150.0
4679,150.0
4680,0.0
4681,147.42506408691406
4682,150.0
4683,144.45033264160156
4684,147.71702575683594
4685,150.0
4686,2.183850049972534
4687,2.5356853008270264
4688,148.21714782714844
4689,3.0128047466278076
4690,150.0
4691,146.96261596679688
4692,10.818514823913574
4693,149.2196807861328
4694,150.0
4695,150.0
4696,150.0
4697,1.8385874032974243
4698,0.5234234929084778
4699,148.00791931152344
4700,150.0
4701,0.0
4702,150.0
4703,2.5918424129486084
4704,143.7760009765625
4705,8.3792142868042
4706,9.220675468444824
4707,0.37150800228118896
4708,0.0
4709,150.0
4710,150.0
4711,150.0
4712,4.170796871185303
4713,0.0
4714,0.0
4715,150.0
4716,150.0
4717,0.0
4718,10.800819396972656
4719,150.0
4720,0.0
4721,137.95436096191406
4722,149.90733337402344
4723,2.2574589252471924
4724,141.1724853515625
4725,145.45973205566406
4726,150.0
4727,0.0
4728,149.2206573486328
4729,150.0
4730,150.0
4731,1.8465391397476196
4732,0.4277425706386566
4733,0.0
4734,150.0
4735,0.0
4736,150.0
4737,146.7361297607422
4738,149.0802001953125
4739,145.48300170898438
4740,150.0
4741,2.8239803314208984
4742,150.0
4743,0.0
4744,138.65817260742188
4745,15.084668159484863
4746,150.0
4747,0.0
4748,150.0
4749,0.0
4750,2.190652370452881
4751,0.0
4752,147.8124542236328
4753,150.0
4754,0.46694302558898926
4755,140.1048126220703
4756,146.40435791015625
4757,7.415870666503906
4758,0.0
4759,6.769314765930176
4760,150.0
4761,150.0
4762,0.0
4763,148.0724334716797
4764,150.0
4765,150.0
4766,148.71310424804688
4767,7.7409234046936035
4768,1.1025433540344238
4769,0.7736682295799255
4770,146.9954833984375
4771,148.40359497070312
4772,4.138943195343018
4773,0.8732126355171204
4774,6.05880880355835
4775,150.0
4776,150.0
4777,2.5861382484436035
4778,150.0
4779,0.0
4780,3.772752523422241
4781,146.13258361816406
4782,0.0
4783,5.185495853424072
4784,6.159910202026367
4785,150.0
4786,149.1376953125
4787,0.4826221466064453
4788,3.159658670425415
4789,1.6508833169937134
4790,2.703183889389038
4791,146.98727416992188
4792,148.99794006347656
4793,138.70716857910156
4794,0.0
4795,148.69837951660156
4796,0.0
4797,150.0
4798,150.0
4799,0.0
4800,150.0
4801,3.2671902179718018
4802,0.0
4803,0.0
4804,150.0
4805,148.4812774658203
4806,0.0
4807,150.0
4808,0.0
4809,4.905954360961914
4810,0.0
4811,0.2699826657772064
4812,146.23875427246094
4813,0.0
4814,0.0
4815,147.60862731933594
4816,146.30862426757812
4817,150.0
4818,150.0
4819,8.247613906860352
4820,4.548988342285156
4821,6.967077732086182
4822,0.0
4823,8.524673461914062
4824,150.0
4825,1.6851829290390015
4826,5.685206890106201
4827,0.0
4828,150.0
4829,150.0
4830,150.0
4831,2.2573869228363037
4832,150.0
4833,144.84140014648438
4834,150.0
4835,12.676451683044434
4836,0.0
4837,9.409347534179688
4838,148.9544219970703
4839,0.0
4840,150.0
4841,3.5839691162109375
4842,0.3126521408557892
4843,12.012264251708984
4844,150.0
4845,0.0
4846,150.0
4847,142.6984100341797
4848,150.0
4849,0.0
4850,0.0
4851,0.3092461824417114
4852,144.68263244628906
4853,0.0
4854,145.6138458251953
4855,0.0
4856,2.9168336391448975
4857,1.6888684034347534
4858,13.38691234588623
4859,1.454594612121582
4860,142.48060607910156
4861,0.03930911421775818
4862,0.0
4863,150.0
4864,0.0
4865,0.0
4866,144.7368621826172
4867,0.0
4868,150.0
4869,0.0
4870,145.06285095214844
4871,146.6765594482422
4872,0.0
4873,0.0
4874,150.0
4875,141.3357696533203
4876,145.51210021972656
4877,150.0
4878,150.0
4879,150.0
4880,0.5610930919647217
4881,3.0961925983428955
4882,142.33401489257812
4883,2.476043462753296
4884,0.0
4885,0.0
4886,150.0
4887,132.95770263671875
4888,147.81732177734375
4889,150.0
4890,6.938093662261963
4891,150.0
4892,145.0338592529297
4893,1.096523642539978
4894,146.82608032226562
4895,149.8550567626953
4896,0.0
4897,149.981689453125
4898,150.0
4899,141.79405212402344
4900,150.0
4901,150.0
4902,1.8554773330688477
4903,0.5091628432273865
4904,150.0
4905,0.0
4906,148.84628295898438
4907,144.19981384277344
4908,9.778605461120605
4909,149.4134063720703
4910,149.39385986328125
4911,150.0
4912,150.0
4913,4.3768534660339355
4914,2.9718382358551025
4915,147.4832000732422
4916,150.0
4917,0.0
4918,150.0
4919,4.088714122772217
4920,141.78240966796875
4921,12.34321117401123
4922,2.994623899459839
4923,0.7771430015563965
4924,0.0
4925,143.56370544433594
4926,150.0
4927,149.2267608642578
4928,8.22276782989502
4929,0.0
4930,0.0
4931,150.0
4932,150.0
4933,0.0
4934,5.250397682189941
4935,149.23269653320312
4936,0.0
4937,136.32888793945312
4938,145.8878173828125
4939,0.35130858421325684
4940,138.54473876953125
4941,150.0
4942,150.0
4943,0.0
4944,144.8394317626953
4945,150.0
4946,150.0
4947,2.7040698528289795
4948,1.6814364194869995
4949,0.0
4950,150.0
4951,0.0
4952,150.0
4953,147.30445861816406
4954,148.2130584716797
4955,142.08876037597656
4956,150.0
4957,0.0
4958,148.9420623779297
4959,0.0
4960,141.097412109375
4961,10.752650260925293
4962,150.0
4963,0.0
4964,150.0
4965,0.0
4966,4.132731914520264
4967,0.0
4968,147.3328857421875
4969,147.15328979492188
4970,0.0
4971,143.51304626464844
4972,144.9697265625
4973,0.0
4974,0.0
4975,4.68729829788208
4976,150.0
4977,150.0
4978,3.375696897506714
4979,150.0
4980,147.4002227783203
4981,150.0
4982,145.63539123535156
4983,7.231057643890381
4984,1.646654486656189
4985,4.112467288970947
4986,150.0
4987,150.0
4988,0.255582332611084
4989,4.204030990600586
4990,6.521022796630859
4991,150.0
4992,150.0
4993,1.2536768913269043
4994,150.0
4995,0.0
4996,2.7478997707366943
4997,148.04928588867188
4998,0.0
4999,1.6119616031646729
5000,6.394406318664551
5001,150.0
5002,148.65731811523438
5003,0.0
5004,5.547420024871826
5005,4.181119441986084
5006,1.4702376127243042
5007,150.0
5008,149.59677124023438
5009,139.7725067138672
5010,0.0
5011,147.1737060546875
5012,0.0
5013,150.0
5014,150.0
5015,0.0
5016,148.67575073242188
5017,0.0
5018,0.0
5019,0.0
5020,150.0
5021,149.96937561035156
5022,2.4965386390686035
5023,148.4776611328125
5024,0.0
5025,2.118863582611084
5026,0.0
5027,0.0
5028,145.45494079589844
5029,0.0
5030,1.13600492477417
5031,148.94688415527344
5032,145.1771697998047
5033,149.73587036132812
5034,148.38035583496094
5035,10.595335960388184
5036,3.216175079345703
5037,3.89361572265625
5038,0.1444743424654007
5039,6.296309947967529
5040,150.0
5041,4.284047603607178
5042,5.216714859008789
5043,0.0
5044,150.0
5045,150.0
5046,150.0
5047,4.859574794769287
5048,150.0
5049,150.0
5050,150.0
5051,6.946678161621094
5052,0.0
5053,7.521982669830322
5054,150.0
5055,0.0
5056,150.0
5057,1.241527795791626
5058,4.726870536804199
5059,6.945987224578857
5060,149.79917907714844
5061,0.0
5062,150.0
5063,143.69229125976562
5064,150.0
5065,0.0
5066,0.0
5067,0.7059925198554993
5068,142.51869201660156
5069,0.0
5070,145.4908905029297
5071,0.0
5072,0.0
5073,0.0
5074,14.746797561645508
5075,0.0
5076,138.2337646484375
5077,0.0
5078,0.0
5079,150.0
5080,0.0
5081,1.7343809604644775
5082,145.6947021484375
5083,0.0
5084,148.05503845214844
5085,0.0
5086,144.26901245117188
5087,150.0
5088,0.0
5089,0.0
5090,150.0
5091,140.97763061523438
5092,143.3954620361328
5093,150.0
5094,150.0
5095,150.0
5096,0.0
5097,3.791731357574463
5098,146.86627197265625
5099,3.9508092403411865
5100,0.08162453770637512
5101,0.0
5102,147.96336364746094
5103,137.8975372314453
5104,150.0
5105,150.0
5106,9.138407707214355
5107,150.0
5108,143.21644592285156
5109,0.0
5110,149.4363555908203
5111,150.0
5112,1.325409173965454
5113,147.796630859375
5114,150.0
5115,145.3639678955078
5116,150.0
5117,150.0
5118,4.361019134521484
5119,0.0
5120,150.0
5121,0.0
5122,150.0
5123,146.8182830810547
5124,10.288146018981934
5125,150.0
5126,146.77130126953125
5127,150.0
5128,150.0
5129,5.887455940246582
5130,1.5511062145233154
5131,143.7929229736328
5132,150.0
5133,0.0
5134,150.0
5135,8.793134689331055
5136,143.4611053466797
5137,14.546646118164062
5138,1.9714387655258179
5139,1.4641793966293335
5140,0.0
5141,141.38619995117188
5142,150.0
5143,150.0
5144,10.212321281433105
5145,0.0
5146,0.0
5147,150.0
5148,150.0
5149,0.0
5150,10.266327857971191
5151,150.0
5152,0.0
5153,141.2465057373047
5154,149.17111206054688
5155,3.552628755569458
5156,139.05406188964844
5157,150.0
5158,150.0
5159,0.0
5160,146.39605712890625
5161,150.0
5162,149.8166961669922
5163,2.286256790161133
5164,0.0
5165,0.0
5166,150.0
5167,3.6517999172210693
5168,150.0
5169,149.82589721679688
5170,145.00360107421875
5171,139.17251586914062
5172,150.0
5173,1.909960150718689
5174,148.4403839111328
5175,1.7069895267486572
5176,143.4791259765625
5177,12.02799129486084
5178,142.55416870117188
5179,0.0
5180,150.0
5181,0.0
5182,3.358388662338257
5183,0.0
