,index,date,cluster,hour,data_type,capacity_factor
0,0,2008-11-04,53.0,0,load,0.343182070035461
1,1,2008-11-04,53.0,1,load,0.3363115026595745
2,2,2008-11-04,53.0,2,load,0.3081920434397163
3,3,2008-11-04,53.0,3,load,0.2867076684397163
4,4,2008-11-04,53.0,4,load,0.2476036125886525
5,5,2008-11-04,53.0,5,load,0.24517952127659576
6,6,2008-11-04,53.0,6,load,0.3278895168439716
7,7,2008-11-04,53.0,7,load,0.5148215868794326
8,8,2008-11-04,53.0,8,load,0.6209967863475178
9,9,2008-11-04,53.0,9,load,0.6513741134751773
10,10,2008-11-04,53.0,10,load,0.672761524822695
11,11,2008-11-04,53.0,11,load,0.6817514406028369
12,12,2008-11-04,53.0,12,load,0.6871537012411347
13,13,2008-11-04,53.0,13,load,0.6845495345744681
14,14,2008-11-04,53.0,14,load,0.6868628102836879
15,15,2008-11-04,53.0,15,load,0.6816960328014184
16,16,2008-11-04,53.0,16,load,0.7289588874113475
17,17,2008-11-04,53.0,17,load,0.8612311613475178
18,18,2008-11-04,53.0,18,load,0.8611341976950354
19,19,2008-11-04,53.0,19,load,0.8025404476950354
20,20,2008-11-04,53.0,20,load,0.7308011968085106
21,21,2008-11-04,53.0,21,load,0.6446143617021277
22,22,2008-11-04,53.0,22,load,0.5321226728723404
23,23,2008-11-04,53.0,23,load,0.41514295212765956
24,24,2010-08-12,65.0,0,load,0.17026662596041317
25,25,2010-08-12,65.0,1,load,0.11467714852694245
26,26,2010-08-12,65.0,2,load,0.0953925609321732
27,27,2010-08-12,65.0,3,load,0.08179412812293288
28,28,2010-08-12,65.0,4,load,0.07640054953442223
29,29,2010-08-12,65.0,5,load,0.08075103037704168
30,30,2010-08-12,65.0,6,load,0.11848063908817992
31,31,2010-08-12,65.0,7,load,0.24137536254007022
32,32,2010-08-12,65.0,8,load,0.3695746196509439
33,33,2010-08-12,65.0,9,load,0.444664936650893
34,34,2010-08-12,65.0,10,load,0.47038620058006414
35,35,2010-08-12,65.0,11,load,0.483819264234468
36,36,2010-08-12,65.0,12,load,0.4951025288759986
37,37,2010-08-12,65.0,13,load,0.4868467918383962
38,38,2010-08-12,65.0,14,load,0.4732738004375922
39,39,2010-08-12,65.0,15,load,0.46906324734137284
40,40,2010-08-12,65.0,16,load,0.46959751691853663
41,41,2010-08-12,65.0,17,load,0.4832468325446497
42,42,2010-08-12,65.0,18,load,0.47104767719940976
43,43,2010-08-12,65.0,19,load,0.4347300666564901
44,44,2010-08-12,65.0,20,load,0.40509082582811784
45,45,2010-08-12,65.0,21,load,0.4099755762479011
46,46,2010-08-12,65.0,22,load,0.36690327176512494
47,47,2010-08-12,65.0,23,load,0.27121813463593347
48,48,2011-11-09,32.0,0,load,0.3029104467032422
49,49,2011-11-09,32.0,1,load,0.2863947603453409
50,50,2011-11-09,32.0,2,load,0.24861424176696578
51,51,2011-11-09,32.0,3,load,0.22251520435503763
52,52,2011-11-09,32.0,4,load,0.19733764300599668
53,53,2011-11-09,32.0,5,load,0.20764399835551964
54,54,2011-11-09,32.0,6,load,0.30024525439827615
55,55,2011-11-09,32.0,7,load,0.497171777314677
56,56,2011-11-09,32.0,8,load,0.6085002622662641
57,57,2011-11-09,32.0,9,load,0.6373353747572265
58,58,2011-11-09,32.0,10,load,0.6564737237556529
59,59,2011-11-09,32.0,11,load,0.664511830334992
60,60,2011-11-09,32.0,12,load,0.6730744694424361
61,61,2011-11-09,32.0,13,load,0.67040927713747
62,62,2011-11-09,32.0,14,load,0.6643700647868555
63,63,2011-11-09,32.0,15,load,0.6560767802208707
64,64,2011-11-09,32.0,16,load,0.7164972568366436
65,65,2011-11-09,32.0,17,load,0.8527906548150669
66,66,2011-11-09,32.0,18,load,0.8443130750365047
67,67,2011-11-09,32.0,19,load,0.7899176342165327
68,68,2011-11-09,32.0,20,load,0.711790640638512
69,69,2011-11-09,32.0,21,load,0.6187357348417187
70,70,2011-11-09,32.0,22,load,0.503678815974142
71,71,2011-11-09,32.0,23,load,0.3808389685138718
72,72,2012-02-18,31.0,0,load,0.34781352738077226
73,73,2012-02-18,31.0,1,load,0.34286146608525797
74,74,2012-02-18,31.0,2,load,0.296202044100857
75,75,2012-02-18,31.0,3,load,0.2707264398806003
76,76,2012-02-18,31.0,4,load,0.222691445314112
77,77,2012-02-18,31.0,5,load,0.20603326134503486
78,78,2012-02-18,31.0,6,load,0.22844133870723687
79,79,2012-02-18,31.0,7,load,0.29144256296683496
80,80,2012-02-18,31.0,8,load,0.35185771077210887
81,81,2012-02-18,31.0,9,load,0.4651086014553558
82,82,2012-02-18,31.0,10,load,0.5239555965170503
83,83,2012-02-18,31.0,11,load,0.5397059025819497
84,84,2012-02-18,31.0,12,load,0.5495550022696948
85,85,2012-02-18,31.0,13,load,0.5396096125012037
86,86,2012-02-18,31.0,14,load,0.5213695200627261
87,87,2012-02-18,31.0,15,load,0.5090168782755822
88,88,2012-02-18,31.0,16,load,0.5088105423882692
89,89,2012-02-18,31.0,17,load,0.5807667441572555
90,90,2012-02-18,31.0,18,load,0.6862181383000674
91,91,2012-02-18,31.0,19,load,0.6684732519911413
92,92,2012-02-18,31.0,20,load,0.5949076303011128
93,93,2012-02-18,31.0,21,load,0.519099825302282
94,94,2012-02-18,31.0,22,load,0.44707484490419136
95,95,2012-02-18,31.0,23,load,0.380428353302062
96,96,2012-07-26,82.0,0,load,0.21502950603188578
97,97,2012-07-26,82.0,1,load,0.15897492331182855
98,98,2012-07-26,82.0,2,load,0.13600286119097074
99,99,2012-07-26,82.0,3,load,0.11794159318816458
100,100,2012-07-26,82.0,4,load,0.1090829057595224
101,101,2012-07-26,82.0,5,load,0.10510750099729012
102,102,2012-07-26,82.0,6,load,0.15235841919198867
103,103,2012-07-26,82.0,7,load,0.28219871521520834
104,104,2012-07-26,82.0,8,load,0.41505151519319916
105,105,2012-07-26,82.0,9,load,0.49531617535799277
106,106,2012-07-26,82.0,10,load,0.5190723138506403
107,107,2012-07-26,82.0,11,load,0.5266929859554039
108,108,2012-07-26,82.0,12,load,0.5327042381391254
109,109,2012-07-26,82.0,13,load,0.5279310012792825
110,110,2012-07-26,82.0,14,load,0.5171465122357182
111,111,2012-07-26,82.0,15,load,0.5114929089233393
112,112,2012-07-26,82.0,16,load,0.518233214575567
113,113,2012-07-26,82.0,17,load,0.5294303753937577
114,114,2012-07-26,82.0,18,load,0.5099522676314016
115,115,2012-07-26,82.0,19,load,0.47154628113952435
116,116,2012-07-26,82.0,20,load,0.4398806002998748
117,117,2012-07-26,82.0,21,load,0.4256021568978087
118,118,2012-07-26,82.0,22,load,0.41652337785603255
119,119,2012-07-26,82.0,23,load,0.3179498466236571
120,120,2012-11-07,26.0,0,load,0.3059823651594976
121,121,2012-11-07,26.0,1,load,0.3121036631497861
122,122,2012-11-07,26.0,2,load,0.27862222650178137
123,123,2012-11-07,26.0,3,load,0.2612212333383771
124,124,2012-11-07,26.0,4,load,0.23314579693797544
125,125,2012-11-07,26.0,5,load,0.23929460637990563
126,126,2012-11-07,26.0,6,load,0.3291882746193103
127,127,2012-11-07,26.0,7,load,0.5170639778807928
128,128,2012-11-07,26.0,8,load,0.6167104557271964
129,129,2012-11-07,26.0,9,load,0.633753800019258
130,130,2012-11-07,26.0,10,load,0.6476608388241606
131,131,2012-11-07,26.0,11,load,0.6481010220504285
132,132,2012-11-07,26.0,12,load,0.6538371597177325
133,133,2012-11-07,26.0,13,load,0.6445382890628224
134,134,2012-11-07,26.0,14,load,0.6390772659119358
135,135,2012-11-07,26.0,15,load,0.6372477543777597
136,136,2012-11-07,26.0,16,load,0.6999325969434778
137,137,2012-11-07,26.0,17,load,0.8376686795878785
138,138,2012-11-07,26.0,18,load,0.8355227863598222
139,139,2012-11-07,26.0,19,load,0.779041776139318
140,140,2012-11-07,26.0,20,load,0.6993686121848219
141,141,2012-11-07,26.0,21,load,0.6017992489373701
142,142,2012-11-07,26.0,22,load,0.4838714114750265
143,143,2012-11-07,26.0,23,load,0.3692174367580505
144,144,2015-08-27,43.0,0,load,0.18097678846013032
145,145,2015-08-27,43.0,1,load,0.11815186351321666
146,146,2015-08-27,43.0,2,load,0.09472065607380831
147,147,2015-08-27,43.0,3,load,0.07828952185692319
148,148,2015-08-27,43.0,4,load,0.07896316907080618
149,149,2015-08-27,43.0,5,load,0.09104488540675111
150,150,2015-08-27,43.0,6,load,0.15608113055575895
151,151,2015-08-27,43.0,7,load,0.2867394010397598
152,152,2015-08-27,43.0,8,load,0.4052720216738669
153,153,2015-08-27,43.0,9,load,0.43986234165629345
154,154,2015-08-27,43.0,10,load,0.44668668082302115
155,155,2015-08-27,43.0,11,load,0.43716775280076153
156,156,2015-08-27,43.0,12,load,0.4351175221498133
157,157,2015-08-27,43.0,13,load,0.4144834150984843
158,158,2015-08-27,43.0,14,load,0.3964560298747895
159,159,2015-08-27,43.0,15,load,0.3841253569598008
160,160,2015-08-27,43.0,16,load,0.4015962510068097
161,161,2015-08-27,43.0,17,load,0.43952551804935197
162,162,2015-08-27,43.0,18,load,0.461624075565644
163,163,2015-08-27,43.0,19,load,0.468038368602182
164,164,2015-08-27,43.0,20,load,0.47136267115764807
165,165,2015-08-27,43.0,21,load,0.49218715676942226
166,166,2015-08-27,43.0,22,load,0.39960459837446
167,167,2015-08-27,43.0,23,load,0.28663688950721244
168,168,2015-11-25,33.0,0,load,0.31703888115984474
169,169,2015-11-25,33.0,1,load,0.30008054477557294
170,170,2015-11-25,33.0,2,load,0.2657684703814893
171,171,2015-11-25,33.0,3,load,0.24743355056015232
172,172,2015-11-25,33.0,4,load,0.22196675697444535
173,173,2015-11-25,33.0,5,load,0.2305777257084279
174,174,2015-11-25,33.0,6,load,0.3339679285348173
175,175,2015-11-25,33.0,7,load,0.5483341875961045
176,176,2015-11-25,33.0,8,load,0.6655780918210441
177,177,2015-11-25,33.0,9,load,0.6838544336237826
178,178,2015-11-25,33.0,10,load,0.693505162187889
179,179,2015-11-25,33.0,11,load,0.6750384418247053
180,180,2015-11-25,33.0,12,load,0.6618290986307388
181,181,2015-11-25,33.0,13,load,0.6596324229332943
182,182,2015-11-25,33.0,14,load,0.6665153401186205
183,183,2015-11-25,33.0,15,load,0.6845720143516145
184,184,2015-11-25,33.0,16,load,0.7725708427912426
185,185,2015-11-25,33.0,17,load,0.881028044226404
186,186,2015-11-25,33.0,18,load,0.8730614336970052
187,187,2015-11-25,33.0,19,load,0.8398476971516439
188,188,2015-11-25,33.0,20,load,0.7689536501427839
189,189,2015-11-25,33.0,21,load,0.6708354689902614
190,190,2015-11-25,33.0,22,load,0.5395914183202754
191,191,2015-11-25,33.0,23,load,0.41310683166141904
192,0,2008-11-04,53.0,0,offshore,0.2116
193,1,2008-11-04,53.0,1,offshore,0.2017
194,2,2008-11-04,53.0,2,offshore,0.1997
195,3,2008-11-04,53.0,3,offshore,0.2066
196,4,2008-11-04,53.0,4,offshore,0.2145
197,5,2008-11-04,53.0,5,offshore,0.225
198,6,2008-11-04,53.0,6,offshore,0.22699999999999998
199,7,2008-11-04,53.0,7,offshore,0.2278
200,8,2008-11-04,53.0,8,offshore,0.2177
201,9,2008-11-04,53.0,9,offshore,0.1891
202,10,2008-11-04,53.0,10,offshore,0.1661
203,11,2008-11-04,53.0,11,offshore,0.1394
204,12,2008-11-04,53.0,12,offshore,0.1165
205,13,2008-11-04,53.0,13,offshore,0.1059
206,14,2008-11-04,53.0,14,offshore,0.10400000000000001
207,15,2008-11-04,53.0,15,offshore,0.1164
208,16,2008-11-04,53.0,16,offshore,0.1486
209,17,2008-11-04,53.0,17,offshore,0.1808
210,18,2008-11-04,53.0,18,offshore,0.1997
211,19,2008-11-04,53.0,19,offshore,0.2139
212,20,2008-11-04,53.0,20,offshore,0.217
213,21,2008-11-04,53.0,21,offshore,0.2162
214,22,2008-11-04,53.0,22,offshore,0.2092
215,23,2008-11-04,53.0,23,offshore,0.2064
216,24,2010-08-12,65.0,0,offshore,0.36700000000000005
217,25,2010-08-12,65.0,1,offshore,0.3748
218,26,2010-08-12,65.0,2,offshore,0.3728
219,27,2010-08-12,65.0,3,offshore,0.3538
220,28,2010-08-12,65.0,4,offshore,0.3207
221,29,2010-08-12,65.0,5,offshore,0.2846
222,30,2010-08-12,65.0,6,offshore,0.2584
223,31,2010-08-12,65.0,7,offshore,0.2671
224,32,2010-08-12,65.0,8,offshore,0.272
225,33,2010-08-12,65.0,9,offshore,0.2775
226,34,2010-08-12,65.0,10,offshore,0.2855
227,35,2010-08-12,65.0,11,offshore,0.2861
228,36,2010-08-12,65.0,12,offshore,0.2809
229,37,2010-08-12,65.0,13,offshore,0.2747
230,38,2010-08-12,65.0,14,offshore,0.28
231,39,2010-08-12,65.0,15,offshore,0.2939
232,40,2010-08-12,65.0,16,offshore,0.3002
233,41,2010-08-12,65.0,17,offshore,0.2903
234,42,2010-08-12,65.0,18,offshore,0.2935
235,43,2010-08-12,65.0,19,offshore,0.3153
236,44,2010-08-12,65.0,20,offshore,0.3431
237,45,2010-08-12,65.0,21,offshore,0.3748
238,46,2010-08-12,65.0,22,offshore,0.3966
239,47,2010-08-12,65.0,23,offshore,0.401
240,48,2011-11-09,32.0,0,offshore,0.2965
241,49,2011-11-09,32.0,1,offshore,0.2999
242,50,2011-11-09,32.0,2,offshore,0.3046
243,51,2011-11-09,32.0,3,offshore,0.3089
244,52,2011-11-09,32.0,4,offshore,0.3148
245,53,2011-11-09,32.0,5,offshore,0.3269
246,54,2011-11-09,32.0,6,offshore,0.3429
247,55,2011-11-09,32.0,7,offshore,0.368
248,56,2011-11-09,32.0,8,offshore,0.3768
249,57,2011-11-09,32.0,9,offshore,0.371
250,58,2011-11-09,32.0,10,offshore,0.392
251,59,2011-11-09,32.0,11,offshore,0.4219
252,60,2011-11-09,32.0,12,offshore,0.4359
253,61,2011-11-09,32.0,13,offshore,0.4307
254,62,2011-11-09,32.0,14,offshore,0.418
255,63,2011-11-09,32.0,15,offshore,0.4358
256,64,2011-11-09,32.0,16,offshore,0.4811
257,65,2011-11-09,32.0,17,offshore,0.5369
258,66,2011-11-09,32.0,18,offshore,0.5392
259,67,2011-11-09,32.0,19,offshore,0.5174
260,68,2011-11-09,32.0,20,offshore,0.5187
261,69,2011-11-09,32.0,21,offshore,0.4969
262,70,2011-11-09,32.0,22,offshore,0.4516
263,71,2011-11-09,32.0,23,offshore,0.4112
264,72,2012-02-18,31.0,0,offshore,0.6902
265,73,2012-02-18,31.0,1,offshore,0.7144
266,74,2012-02-18,31.0,2,offshore,0.7362
267,75,2012-02-18,31.0,3,offshore,0.7499
268,76,2012-02-18,31.0,4,offshore,0.7606
269,77,2012-02-18,31.0,5,offshore,0.7845
270,78,2012-02-18,31.0,6,offshore,0.8074
271,79,2012-02-18,31.0,7,offshore,0.8174
272,80,2012-02-18,31.0,8,offshore,0.8129
273,81,2012-02-18,31.0,9,offshore,0.8026
274,82,2012-02-18,31.0,10,offshore,0.8316
275,83,2012-02-18,31.0,11,offshore,0.8561
276,84,2012-02-18,31.0,12,offshore,0.8604
277,85,2012-02-18,31.0,13,offshore,0.868
278,86,2012-02-18,31.0,14,offshore,0.8655
279,87,2012-02-18,31.0,15,offshore,0.8672
280,88,2012-02-18,31.0,16,offshore,0.8582
281,89,2012-02-18,31.0,17,offshore,0.8087
282,90,2012-02-18,31.0,18,offshore,0.7713
283,91,2012-02-18,31.0,19,offshore,0.747
284,92,2012-02-18,31.0,20,offshore,0.7199
285,93,2012-02-18,31.0,21,offshore,0.7284
286,94,2012-02-18,31.0,22,offshore,0.7438
287,95,2012-02-18,31.0,23,offshore,0.7537
288,96,2012-07-26,82.0,0,offshore,0.1383
289,97,2012-07-26,82.0,1,offshore,0.1357
290,98,2012-07-26,82.0,2,offshore,0.1362
291,99,2012-07-26,82.0,3,offshore,0.13699999999999998
292,100,2012-07-26,82.0,4,offshore,0.1345
293,101,2012-07-26,82.0,5,offshore,0.11800000000000001
294,102,2012-07-26,82.0,6,offshore,0.0981
295,103,2012-07-26,82.0,7,offshore,0.0903
296,104,2012-07-26,82.0,8,offshore,0.087
297,105,2012-07-26,82.0,9,offshore,0.0849
298,106,2012-07-26,82.0,10,offshore,0.0838
299,107,2012-07-26,82.0,11,offshore,0.0843
300,108,2012-07-26,82.0,12,offshore,0.0887
301,109,2012-07-26,82.0,13,offshore,0.0968
302,110,2012-07-26,82.0,14,offshore,0.1069
303,111,2012-07-26,82.0,15,offshore,0.1227
304,112,2012-07-26,82.0,16,offshore,0.1479
305,113,2012-07-26,82.0,17,offshore,0.1711
306,114,2012-07-26,82.0,18,offshore,0.1767
307,115,2012-07-26,82.0,19,offshore,0.16899999999999998
308,116,2012-07-26,82.0,20,offshore,0.1577
309,117,2012-07-26,82.0,21,offshore,0.146
310,118,2012-07-26,82.0,22,offshore,0.1331
311,119,2012-07-26,82.0,23,offshore,0.1151
312,120,2012-11-07,26.0,0,offshore,0.5867
313,121,2012-11-07,26.0,1,offshore,0.5694
314,122,2012-11-07,26.0,2,offshore,0.5427
315,123,2012-11-07,26.0,3,offshore,0.5126
316,124,2012-11-07,26.0,4,offshore,0.4873
317,125,2012-11-07,26.0,5,offshore,0.46799999999999997
318,126,2012-11-07,26.0,6,offshore,0.4607
319,127,2012-11-07,26.0,7,offshore,0.4633
320,128,2012-11-07,26.0,8,offshore,0.4735
321,129,2012-11-07,26.0,9,offshore,0.484
322,130,2012-11-07,26.0,10,offshore,0.5073
323,131,2012-11-07,26.0,11,offshore,0.5457
324,132,2012-11-07,26.0,12,offshore,0.5806
325,133,2012-11-07,26.0,13,offshore,0.6022
326,134,2012-11-07,26.0,14,offshore,0.614
327,135,2012-11-07,26.0,15,offshore,0.6294
328,136,2012-11-07,26.0,16,offshore,0.6567
329,137,2012-11-07,26.0,17,offshore,0.6769
330,138,2012-11-07,26.0,18,offshore,0.6828
331,139,2012-11-07,26.0,19,offshore,0.6845
332,140,2012-11-07,26.0,20,offshore,0.6907
333,141,2012-11-07,26.0,21,offshore,0.6961
334,142,2012-11-07,26.0,22,offshore,0.7168
335,143,2012-11-07,26.0,23,offshore,0.7328
336,144,2015-08-27,43.0,0,offshore,0.5847
337,145,2015-08-27,43.0,1,offshore,0.5824
338,146,2015-08-27,43.0,2,offshore,0.5694
339,147,2015-08-27,43.0,3,offshore,0.5483
340,148,2015-08-27,43.0,4,offshore,0.5387
341,149,2015-08-27,43.0,5,offshore,0.5318
342,150,2015-08-27,43.0,6,offshore,0.529
343,151,2015-08-27,43.0,7,offshore,0.5336
344,152,2015-08-27,43.0,8,offshore,0.5379
345,153,2015-08-27,43.0,9,offshore,0.5334
346,154,2015-08-27,43.0,10,offshore,0.5279
347,155,2015-08-27,43.0,11,offshore,0.5254
348,156,2015-08-27,43.0,12,offshore,0.5295
349,157,2015-08-27,43.0,13,offshore,0.5361
350,158,2015-08-27,43.0,14,offshore,0.5395
351,159,2015-08-27,43.0,15,offshore,0.5374
352,160,2015-08-27,43.0,16,offshore,0.5272
353,161,2015-08-27,43.0,17,offshore,0.4994
354,162,2015-08-27,43.0,18,offshore,0.4722
355,163,2015-08-27,43.0,19,offshore,0.4754
356,164,2015-08-27,43.0,20,offshore,0.4812
357,165,2015-08-27,43.0,21,offshore,0.4744
358,166,2015-08-27,43.0,22,offshore,0.4547
359,167,2015-08-27,43.0,23,offshore,0.424
360,168,2015-11-25,33.0,0,offshore,0.6151
361,169,2015-11-25,33.0,1,offshore,0.6252
362,170,2015-11-25,33.0,2,offshore,0.6201
363,171,2015-11-25,33.0,3,offshore,0.6236
364,172,2015-11-25,33.0,4,offshore,0.6225
365,173,2015-11-25,33.0,5,offshore,0.6157
366,174,2015-11-25,33.0,6,offshore,0.6033
367,175,2015-11-25,33.0,7,offshore,0.6012
368,176,2015-11-25,33.0,8,offshore,0.6179
369,177,2015-11-25,33.0,9,offshore,0.6183
370,178,2015-11-25,33.0,10,offshore,0.6048
371,179,2015-11-25,33.0,11,offshore,0.5994
372,180,2015-11-25,33.0,12,offshore,0.6035
373,181,2015-11-25,33.0,13,offshore,0.6021
374,182,2015-11-25,33.0,14,offshore,0.5974
375,183,2015-11-25,33.0,15,offshore,0.5953
376,184,2015-11-25,33.0,16,offshore,0.5968
377,185,2015-11-25,33.0,17,offshore,0.5919
378,186,2015-11-25,33.0,18,offshore,0.5755
379,187,2015-11-25,33.0,19,offshore,0.5417
380,188,2015-11-25,33.0,20,offshore,0.5099
381,189,2015-11-25,33.0,21,offshore,0.4763
382,190,2015-11-25,33.0,22,offshore,0.4289
383,191,2015-11-25,33.0,23,offshore,0.382
384,0,2008-11-04,53.0,0,onshore,0.1301
385,1,2008-11-04,53.0,1,onshore,0.1302
386,2,2008-11-04,53.0,2,onshore,0.1281
387,3,2008-11-04,53.0,3,onshore,0.1295
388,4,2008-11-04,53.0,4,onshore,0.1318
389,5,2008-11-04,53.0,5,onshore,0.1363
390,6,2008-11-04,53.0,6,onshore,0.1376
391,7,2008-11-04,53.0,7,onshore,0.139
392,8,2008-11-04,53.0,8,onshore,0.1339
393,9,2008-11-04,53.0,9,onshore,0.1129
394,10,2008-11-04,53.0,10,onshore,0.1015
395,11,2008-11-04,53.0,11,onshore,0.0942
396,12,2008-11-04,53.0,12,onshore,0.0836
397,13,2008-11-04,53.0,13,onshore,0.0735
398,14,2008-11-04,53.0,14,onshore,0.0672
399,15,2008-11-04,53.0,15,onshore,0.07
400,16,2008-11-04,53.0,16,onshore,0.0875
401,17,2008-11-04,53.0,17,onshore,0.1067
402,18,2008-11-04,53.0,18,onshore,0.1201
403,19,2008-11-04,53.0,19,onshore,0.1285
404,20,2008-11-04,53.0,20,onshore,0.1311
405,21,2008-11-04,53.0,21,onshore,0.1293
406,22,2008-11-04,53.0,22,onshore,0.1218
407,23,2008-11-04,53.0,23,onshore,0.1051
408,24,2010-08-12,65.0,0,onshore,0.2303
409,25,2010-08-12,65.0,1,onshore,0.2319
410,26,2010-08-12,65.0,2,onshore,0.2396
411,27,2010-08-12,65.0,3,onshore,0.2376
412,28,2010-08-12,65.0,4,onshore,0.2395
413,29,2010-08-12,65.0,5,onshore,0.2385
414,30,2010-08-12,65.0,6,onshore,0.2229
415,31,2010-08-12,65.0,7,onshore,0.2467
416,32,2010-08-12,65.0,8,onshore,0.2666
417,33,2010-08-12,65.0,9,onshore,0.2719
418,34,2010-08-12,65.0,10,onshore,0.2716
419,35,2010-08-12,65.0,11,onshore,0.2721
420,36,2010-08-12,65.0,12,onshore,0.2745
421,37,2010-08-12,65.0,13,onshore,0.2779
422,38,2010-08-12,65.0,14,onshore,0.2779
423,39,2010-08-12,65.0,15,onshore,0.2768
424,40,2010-08-12,65.0,16,onshore,0.2731
425,41,2010-08-12,65.0,17,onshore,0.2456
426,42,2010-08-12,65.0,18,onshore,0.2294
427,43,2010-08-12,65.0,19,onshore,0.2501
428,44,2010-08-12,65.0,20,onshore,0.2712
429,45,2010-08-12,65.0,21,onshore,0.2752
430,46,2010-08-12,65.0,22,onshore,0.2763
431,47,2010-08-12,65.0,23,onshore,0.28300000000000003
432,48,2011-11-09,32.0,0,onshore,0.2588
433,49,2011-11-09,32.0,1,onshore,0.2616
434,50,2011-11-09,32.0,2,onshore,0.2559
435,51,2011-11-09,32.0,3,onshore,0.2604
436,52,2011-11-09,32.0,4,onshore,0.2687
437,53,2011-11-09,32.0,5,onshore,0.2807
438,54,2011-11-09,32.0,6,onshore,0.2996
439,55,2011-11-09,32.0,7,onshore,0.2995
440,56,2011-11-09,32.0,8,onshore,0.2942
441,57,2011-11-09,32.0,9,onshore,0.2774
442,58,2011-11-09,32.0,10,onshore,0.2746
443,59,2011-11-09,32.0,11,onshore,0.3081
444,60,2011-11-09,32.0,12,onshore,0.3406
445,61,2011-11-09,32.0,13,onshore,0.3479
446,62,2011-11-09,32.0,14,onshore,0.3484
447,63,2011-11-09,32.0,15,onshore,0.3741
448,64,2011-11-09,32.0,16,onshore,0.4165
449,65,2011-11-09,32.0,17,onshore,0.4326
450,66,2011-11-09,32.0,18,onshore,0.4403
451,67,2011-11-09,32.0,19,onshore,0.4509
452,68,2011-11-09,32.0,20,onshore,0.4602
453,69,2011-11-09,32.0,21,onshore,0.4403
454,70,2011-11-09,32.0,22,onshore,0.405
455,71,2011-11-09,32.0,23,onshore,0.3701
456,72,2012-02-18,31.0,0,onshore,0.705
457,73,2012-02-18,31.0,1,onshore,0.7082
458,74,2012-02-18,31.0,2,onshore,0.7028
459,75,2012-02-18,31.0,3,onshore,0.6926
460,76,2012-02-18,31.0,4,onshore,0.6716
461,77,2012-02-18,31.0,5,onshore,0.6525
462,78,2012-02-18,31.0,6,onshore,0.6509
463,79,2012-02-18,31.0,7,onshore,0.6573
464,80,2012-02-18,31.0,8,onshore,0.6701
465,81,2012-02-18,31.0,9,onshore,0.6923
466,82,2012-02-18,31.0,10,onshore,0.7261
467,83,2012-02-18,31.0,11,onshore,0.7487
468,84,2012-02-18,31.0,12,onshore,0.7603
469,85,2012-02-18,31.0,13,onshore,0.755
470,86,2012-02-18,31.0,14,onshore,0.7469
471,87,2012-02-18,31.0,15,onshore,0.7556
472,88,2012-02-18,31.0,16,onshore,0.7552
473,89,2012-02-18,31.0,17,onshore,0.7342
474,90,2012-02-18,31.0,18,onshore,0.7021
475,91,2012-02-18,31.0,19,onshore,0.6606
476,92,2012-02-18,31.0,20,onshore,0.6181
477,93,2012-02-18,31.0,21,onshore,0.5775
478,94,2012-02-18,31.0,22,onshore,0.5443
479,95,2012-02-18,31.0,23,onshore,0.5163
480,96,2012-07-26,82.0,0,onshore,0.09
481,97,2012-07-26,82.0,1,onshore,0.0887
482,98,2012-07-26,82.0,2,onshore,0.0897
483,99,2012-07-26,82.0,3,onshore,0.0914
484,100,2012-07-26,82.0,4,onshore,0.0906
485,101,2012-07-26,82.0,5,onshore,0.0784
486,102,2012-07-26,82.0,6,onshore,0.0674
487,103,2012-07-26,82.0,7,onshore,0.07
488,104,2012-07-26,82.0,8,onshore,0.0726
489,105,2012-07-26,82.0,9,onshore,0.0725
490,106,2012-07-26,82.0,10,onshore,0.0721
491,107,2012-07-26,82.0,11,onshore,0.0734
492,108,2012-07-26,82.0,12,onshore,0.0766
493,109,2012-07-26,82.0,13,onshore,0.081
494,110,2012-07-26,82.0,14,onshore,0.0849
495,111,2012-07-26,82.0,15,onshore,0.0874
496,112,2012-07-26,82.0,16,onshore,0.0901
497,113,2012-07-26,82.0,17,onshore,0.0933
498,114,2012-07-26,82.0,18,onshore,0.0969
499,115,2012-07-26,82.0,19,onshore,0.1049
500,116,2012-07-26,82.0,20,onshore,0.1158
501,117,2012-07-26,82.0,21,onshore,0.11900000000000001
502,118,2012-07-26,82.0,22,onshore,0.1163
503,119,2012-07-26,82.0,23,onshore,0.1132
504,120,2012-11-07,26.0,0,onshore,0.4794
505,121,2012-11-07,26.0,1,onshore,0.4877
506,122,2012-11-07,26.0,2,onshore,0.5015
507,123,2012-11-07,26.0,3,onshore,0.5004
508,124,2012-11-07,26.0,4,onshore,0.5037
509,125,2012-11-07,26.0,5,onshore,0.5015
510,126,2012-11-07,26.0,6,onshore,0.5129
511,127,2012-11-07,26.0,7,onshore,0.5266
512,128,2012-11-07,26.0,8,onshore,0.5458
513,129,2012-11-07,26.0,9,onshore,0.5629
514,130,2012-11-07,26.0,10,onshore,0.5862
515,131,2012-11-07,26.0,11,onshore,0.6098
516,132,2012-11-07,26.0,12,onshore,0.6237
517,133,2012-11-07,26.0,13,onshore,0.6327
518,134,2012-11-07,26.0,14,onshore,0.6325
519,135,2012-11-07,26.0,15,onshore,0.6216
520,136,2012-11-07,26.0,16,onshore,0.6198
521,137,2012-11-07,26.0,17,onshore,0.6099
522,138,2012-11-07,26.0,18,onshore,0.6048
523,139,2012-11-07,26.0,19,onshore,0.5979
524,140,2012-11-07,26.0,20,onshore,0.598
525,141,2012-11-07,26.0,21,onshore,0.6033
526,142,2012-11-07,26.0,22,onshore,0.617
527,143,2012-11-07,26.0,23,onshore,0.6334
528,144,2015-08-27,43.0,0,onshore,0.3578
529,145,2015-08-27,43.0,1,onshore,0.3766
530,146,2015-08-27,43.0,2,onshore,0.3845
531,147,2015-08-27,43.0,3,onshore,0.3833
532,148,2015-08-27,43.0,4,onshore,0.3878
533,149,2015-08-27,43.0,5,onshore,0.3839
534,150,2015-08-27,43.0,6,onshore,0.3702
535,151,2015-08-27,43.0,7,onshore,0.3957
536,152,2015-08-27,43.0,8,onshore,0.4363
537,153,2015-08-27,43.0,9,onshore,0.4497
538,154,2015-08-27,43.0,10,onshore,0.4569
539,155,2015-08-27,43.0,11,onshore,0.4633
540,156,2015-08-27,43.0,12,onshore,0.4552
541,157,2015-08-27,43.0,13,onshore,0.4379
542,158,2015-08-27,43.0,14,onshore,0.4163
543,159,2015-08-27,43.0,15,onshore,0.3929
544,160,2015-08-27,43.0,16,onshore,0.3646
545,161,2015-08-27,43.0,17,onshore,0.2883
546,162,2015-08-27,43.0,18,onshore,0.2432
547,163,2015-08-27,43.0,19,onshore,0.2501
548,164,2015-08-27,43.0,20,onshore,0.2657
549,165,2015-08-27,43.0,21,onshore,0.2718
550,166,2015-08-27,43.0,22,onshore,0.2717
551,167,2015-08-27,43.0,23,onshore,0.2705
552,168,2015-11-25,33.0,0,onshore,0.4233
553,169,2015-11-25,33.0,1,onshore,0.4243
554,170,2015-11-25,33.0,2,onshore,0.4286
555,171,2015-11-25,33.0,3,onshore,0.4179
556,172,2015-11-25,33.0,4,onshore,0.4027
557,173,2015-11-25,33.0,5,onshore,0.4001
558,174,2015-11-25,33.0,6,onshore,0.3946
559,175,2015-11-25,33.0,7,onshore,0.3925
560,176,2015-11-25,33.0,8,onshore,0.3864
561,177,2015-11-25,33.0,9,onshore,0.364
562,178,2015-11-25,33.0,10,onshore,0.3339
563,179,2015-11-25,33.0,11,onshore,0.3204
564,180,2015-11-25,33.0,12,onshore,0.3269
565,181,2015-11-25,33.0,13,onshore,0.3202
566,182,2015-11-25,33.0,14,onshore,0.3132
567,183,2015-11-25,33.0,15,onshore,0.308
568,184,2015-11-25,33.0,16,onshore,0.315
569,185,2015-11-25,33.0,17,onshore,0.3102
570,186,2015-11-25,33.0,18,onshore,0.294
571,187,2015-11-25,33.0,19,onshore,0.2868
572,188,2015-11-25,33.0,20,onshore,0.2798
573,189,2015-11-25,33.0,21,onshore,0.2707
574,190,2015-11-25,33.0,22,onshore,0.2668
575,191,2015-11-25,33.0,23,onshore,0.2623
576,0,2008-11-04,53.0,0,solar,0.0
577,1,2008-11-04,53.0,1,solar,0.0
578,2,2008-11-04,53.0,2,solar,0.0
579,3,2008-11-04,53.0,3,solar,0.0
580,4,2008-11-04,53.0,4,solar,0.0
581,5,2008-11-04,53.0,5,solar,0.0
582,6,2008-11-04,53.0,6,solar,0.0
583,7,2008-11-04,53.0,7,solar,0.0011
584,8,2008-11-04,53.0,8,solar,0.026000000000000002
585,9,2008-11-04,53.0,9,solar,0.0708
586,10,2008-11-04,53.0,10,solar,0.1202
587,11,2008-11-04,53.0,11,solar,0.1619
588,12,2008-11-04,53.0,12,solar,0.1813
589,13,2008-11-04,53.0,13,solar,0.1749
590,14,2008-11-04,53.0,14,solar,0.1283
591,15,2008-11-04,53.0,15,solar,0.0606
592,16,2008-11-04,53.0,16,solar,0.0039
593,17,2008-11-04,53.0,17,solar,0.0
594,18,2008-11-04,53.0,18,solar,0.0
595,19,2008-11-04,53.0,19,solar,0.0
596,20,2008-11-04,53.0,20,solar,0.0
597,21,2008-11-04,53.0,21,solar,0.0
598,22,2008-11-04,53.0,22,solar,0.0
599,23,2008-11-04,53.0,23,solar,0.0
600,24,2010-08-12,65.0,0,solar,0.0
601,25,2010-08-12,65.0,1,solar,0.0
602,26,2010-08-12,65.0,2,solar,0.0
603,27,2010-08-12,65.0,3,solar,0.0
604,28,2010-08-12,65.0,4,solar,0.0
605,29,2010-08-12,65.0,5,solar,0.0368
606,30,2010-08-12,65.0,6,solar,0.1186
607,31,2010-08-12,65.0,7,solar,0.2402
608,32,2010-08-12,65.0,8,solar,0.3753
609,33,2010-08-12,65.0,9,solar,0.4819
610,34,2010-08-12,65.0,10,solar,0.5481
611,35,2010-08-12,65.0,11,solar,0.5432
612,36,2010-08-12,65.0,12,solar,0.5147
613,37,2010-08-12,65.0,13,solar,0.4678
614,38,2010-08-12,65.0,14,solar,0.40700000000000003
615,39,2010-08-12,65.0,15,solar,0.3052
616,40,2010-08-12,65.0,16,solar,0.2013
617,41,2010-08-12,65.0,17,solar,0.1189
618,42,2010-08-12,65.0,18,solar,0.0471
619,43,2010-08-12,65.0,19,solar,0.0018
620,44,2010-08-12,65.0,20,solar,0.0
621,45,2010-08-12,65.0,21,solar,0.0
622,46,2010-08-12,65.0,22,solar,0.0
623,47,2010-08-12,65.0,23,solar,0.0
624,48,2011-11-09,32.0,0,solar,0.0
625,49,2011-11-09,32.0,1,solar,0.0
626,50,2011-11-09,32.0,2,solar,0.0
627,51,2011-11-09,32.0,3,solar,0.0
628,52,2011-11-09,32.0,4,solar,0.0
629,53,2011-11-09,32.0,5,solar,0.0
630,54,2011-11-09,32.0,6,solar,0.0
631,55,2011-11-09,32.0,7,solar,0.0001
632,56,2011-11-09,32.0,8,solar,0.0261
633,57,2011-11-09,32.0,9,solar,0.09300000000000001
634,58,2011-11-09,32.0,10,solar,0.1759
635,59,2011-11-09,32.0,11,solar,0.2307
636,60,2011-11-09,32.0,12,solar,0.2345
637,61,2011-11-09,32.0,13,solar,0.1898
638,62,2011-11-09,32.0,14,solar,0.1162
639,63,2011-11-09,32.0,15,solar,0.0442
640,64,2011-11-09,32.0,16,solar,0.0012
641,65,2011-11-09,32.0,17,solar,0.0
642,66,2011-11-09,32.0,18,solar,0.0
643,67,2011-11-09,32.0,19,solar,0.0
644,68,2011-11-09,32.0,20,solar,0.0
645,69,2011-11-09,32.0,21,solar,0.0
646,70,2011-11-09,32.0,22,solar,0.0
647,71,2011-11-09,32.0,23,solar,0.0
648,72,2012-02-18,31.0,0,solar,0.0
649,73,2012-02-18,31.0,1,solar,0.0
650,74,2012-02-18,31.0,2,solar,0.0
651,75,2012-02-18,31.0,3,solar,0.0
652,76,2012-02-18,31.0,4,solar,0.0
653,77,2012-02-18,31.0,5,solar,0.0
654,78,2012-02-18,31.0,6,solar,0.0
655,79,2012-02-18,31.0,7,solar,0.0014
656,80,2012-02-18,31.0,8,solar,0.033
657,81,2012-02-18,31.0,9,solar,0.08199999999999999
658,82,2012-02-18,31.0,10,solar,0.1406
659,83,2012-02-18,31.0,11,solar,0.2143
660,84,2012-02-18,31.0,12,solar,0.2381
661,85,2012-02-18,31.0,13,solar,0.203
662,86,2012-02-18,31.0,14,solar,0.1567
663,87,2012-02-18,31.0,15,solar,0.0959
664,88,2012-02-18,31.0,16,solar,0.0257
665,89,2012-02-18,31.0,17,solar,0.0
666,90,2012-02-18,31.0,18,solar,0.0
667,91,2012-02-18,31.0,19,solar,0.0
668,92,2012-02-18,31.0,20,solar,0.0
669,93,2012-02-18,31.0,21,solar,0.0
670,94,2012-02-18,31.0,22,solar,0.0
671,95,2012-02-18,31.0,23,solar,0.0
672,96,2012-07-26,82.0,0,solar,0.0
673,97,2012-07-26,82.0,1,solar,0.0
674,98,2012-07-26,82.0,2,solar,0.0
675,99,2012-07-26,82.0,3,solar,0.0
676,100,2012-07-26,82.0,4,solar,0.0042
677,101,2012-07-26,82.0,5,solar,0.0592
678,102,2012-07-26,82.0,6,solar,0.1449
679,103,2012-07-26,82.0,7,solar,0.2549
680,104,2012-07-26,82.0,8,solar,0.3674
681,105,2012-07-26,82.0,9,solar,0.4656
682,106,2012-07-26,82.0,10,solar,0.5367
683,107,2012-07-26,82.0,11,solar,0.5719
684,108,2012-07-26,82.0,12,solar,0.5704
685,109,2012-07-26,82.0,13,solar,0.5328
686,110,2012-07-26,82.0,14,solar,0.4585
687,111,2012-07-26,82.0,15,solar,0.3537
688,112,2012-07-26,82.0,16,solar,0.247
689,113,2012-07-26,82.0,17,solar,0.1478
690,114,2012-07-26,82.0,18,solar,0.0644
691,115,2012-07-26,82.0,19,solar,0.0098
692,116,2012-07-26,82.0,20,solar,0.0
693,117,2012-07-26,82.0,21,solar,0.0
694,118,2012-07-26,82.0,22,solar,0.0
695,119,2012-07-26,82.0,23,solar,0.0
696,120,2012-11-07,26.0,0,solar,0.0
697,121,2012-11-07,26.0,1,solar,0.0
698,122,2012-11-07,26.0,2,solar,0.0
699,123,2012-11-07,26.0,3,solar,0.0
700,124,2012-11-07,26.0,4,solar,0.0
701,125,2012-11-07,26.0,5,solar,0.0
702,126,2012-11-07,26.0,6,solar,0.0
703,127,2012-11-07,26.0,7,solar,0.0002
704,128,2012-11-07,26.0,8,solar,0.0225
705,129,2012-11-07,26.0,9,solar,0.0644
706,130,2012-11-07,26.0,10,solar,0.1089
707,131,2012-11-07,26.0,11,solar,0.1526
708,132,2012-11-07,26.0,12,solar,0.1833
709,133,2012-11-07,26.0,13,solar,0.1873
710,134,2012-11-07,26.0,14,solar,0.1555
711,135,2012-11-07,26.0,15,solar,0.0667
712,136,2012-11-07,26.0,16,solar,0.0022
713,137,2012-11-07,26.0,17,solar,0.0
714,138,2012-11-07,26.0,18,solar,0.0
715,139,2012-11-07,26.0,19,solar,0.0
716,140,2012-11-07,26.0,20,solar,0.0
717,141,2012-11-07,26.0,21,solar,0.0
718,142,2012-11-07,26.0,22,solar,0.0
719,143,2012-11-07,26.0,23,solar,0.0
720,144,2015-08-27,43.0,0,solar,0.0
721,145,2015-08-27,43.0,1,solar,0.0
722,146,2015-08-27,43.0,2,solar,0.0
723,147,2015-08-27,43.0,3,solar,0.0
724,148,2015-08-27,43.0,4,solar,0.0
725,149,2015-08-27,43.0,5,solar,0.011000000000000001
726,150,2015-08-27,43.0,6,solar,0.0839
727,151,2015-08-27,43.0,7,solar,0.1885
728,152,2015-08-27,43.0,8,solar,0.3019
729,153,2015-08-27,43.0,9,solar,0.3918
730,154,2015-08-27,43.0,10,solar,0.4666
731,155,2015-08-27,43.0,11,solar,0.5086
732,156,2015-08-27,43.0,12,solar,0.5064
733,157,2015-08-27,43.0,13,solar,0.5004
734,158,2015-08-27,43.0,14,solar,0.4596
735,159,2015-08-27,43.0,15,solar,0.3758
736,160,2015-08-27,43.0,16,solar,0.2665
737,161,2015-08-27,43.0,17,solar,0.1395
738,162,2015-08-27,43.0,18,solar,0.0323
739,163,2015-08-27,43.0,19,solar,0.0
740,164,2015-08-27,43.0,20,solar,0.0
741,165,2015-08-27,43.0,21,solar,0.0
742,166,2015-08-27,43.0,22,solar,0.0
743,167,2015-08-27,43.0,23,solar,0.0
744,168,2015-11-25,33.0,0,solar,0.0
745,169,2015-11-25,33.0,1,solar,0.0
746,170,2015-11-25,33.0,2,solar,0.0
747,171,2015-11-25,33.0,3,solar,0.0
748,172,2015-11-25,33.0,4,solar,0.0
749,173,2015-11-25,33.0,5,solar,0.0
750,174,2015-11-25,33.0,6,solar,0.0
751,175,2015-11-25,33.0,7,solar,0.0
752,176,2015-11-25,33.0,8,solar,0.0143
753,177,2015-11-25,33.0,9,solar,0.081
754,178,2015-11-25,33.0,10,solar,0.1856
755,179,2015-11-25,33.0,11,solar,0.2659
756,180,2015-11-25,33.0,12,solar,0.2977
757,181,2015-11-25,33.0,13,solar,0.2618
758,182,2015-11-25,33.0,14,solar,0.1687
759,183,2015-11-25,33.0,15,solar,0.0565
760,184,2015-11-25,33.0,16,solar,0.0
761,185,2015-11-25,33.0,17,solar,0.0
762,186,2015-11-25,33.0,18,solar,0.0
763,187,2015-11-25,33.0,19,solar,0.0
764,188,2015-11-25,33.0,20,solar,0.0
765,189,2015-11-25,33.0,21,solar,0.0
766,190,2015-11-25,33.0,22,solar,0.0
767,191,2015-11-25,33.0,23,solar,0.0
